start_date,months,nw_buy,nw_rent,R,winner,mortgage_rate,pr_ratio,sdlt_paid
2005-01-31,258,254658.3529884687,367821.3757936647,1.444371926061739,RENT,0.053155,19.536042807885053,1623.1185694371843
2005-02-28,257,254350.39280757893,363769.6092449475,1.4301908687050715,RENT,0.05327,19.487404724356676,1621.3459609688098
2005-03-31,256,253714.23807177116,364935.7872642915,1.4383733054865362,RENT,0.053955,19.545664886462163,1627.5373741069873
2005-04-30,255,252684.01485556999,370994.82381235313,1.4682164363440546,RENT,0.05351,19.72421080282911,1645.3802613695766
2005-05-31,254,251961.17284484656,372979.65074957523,1.4803060588198238,RENT,0.052039999999999996,19.84358971666457,1659.5539501655342
2005-06-30,253,251418.50607817472,355888.28767269035,1.4155214475820341,RENT,0.05041,19.905043179259703,1667.1973044084334
2005-07-31,252,250534.88668282778,351004.4072158205,1.40102008092863,RENT,0.04928,20.053105569640874,1683.42058024046
2005-08-31,251,249767.13327442636,340724.55698050355,1.3641689061071924,RENT,0.049269999999999994,20.06733870316663,1689.1286356508103
2005-09-30,250,249293.3827119238,338476.97447945154,1.3577455237573863,RENT,0.049080000000000006,20.00086888865265,1687.6923453563338
2005-10-31,249,249110.97911910815,323546.7745935657,1.2988057601382046,RENT,0.04938,19.87702251322258,1680.1243944938142
2005-11-30,248,248248.18285448255,335812.45084336994,1.3527287369519863,RENT,0.050845,19.926018179989118,1687.0364854504267
2005-12-31,247,247398.89523883237,332683.3026152688,1.3447242854261945,RENT,0.051045,19.971898955085432,1696.8087767903817
2006-01-31,246,247070.8995573586,326840.5130057513,1.3228612256291794,RENT,0.050245,19.872365023782265,1693.7886739850146
2006-02-28,245,246532.00233301893,327169.1356344744,1.327085865276548,RENT,0.050455,19.864399882003124,1695.2604913748041
2006-03-31,244,245671.0540420906,330162.0523523044,1.343919224182341,RENT,0.050679999999999996,19.962460079330178,1706.6636539466804
2006-04-30,243,243889.7239682345,343870.6528887378,1.4099431796213167,RENT,0.051615,20.272674830958387,1736.2163042341872
2006-05-31,242,242675.61950792852,362523.80312052555,1.4938616572015444,RENT,0.054204999999999996,20.404567281141173,1751.110791078585
2006-06-30,241,241797.38069289192,378311.4997980479,1.5645806365394141,RENT,0.054720000000000005,20.583606343586357,1768.9381285938318
2006-07-31,240,240897.48496501445,379485.2065485658,1.5752975030174288,RENT,0.054695,20.777276728315094,1789.1461787767903
2006-08-31,239,240133.8466806113,383388.766987442,1.5965628014836495,RENT,0.055595000000000006,20.902212295279536,1803.0145617703436
2006-09-30,238,239975.7664041538,373633.5476575444,1.5569636603568195,RENT,0.055439999999999996,20.93980637192692,1809.553484927688
2006-10-31,237,239019.5390156645,372724.09149852535,1.559387542263222,RENT,0.05514,21.010066517323313,1817.7250583725386
2006-11-30,236,237608.87629322615,379382.5323541791,1.5966681812256636,RENT,0.05612,21.051524973371848,1824.6982052622407
2006-12-31,235,235654.88720443565,394228.3685337852,1.672905549341668,RENT,0.05611,21.28775708779791,1849.8902892489984
2007-01-31,234,234622.54701892685,399466.8424899972,1.7025935809049608,RENT,0.057640000000000004,21.266925266456447,1853.1591792995296
2007-02-28,233,233280.01588872567,407191.0492624123,1.74550335017399,RENT,0.058785,21.316063919269954,1860.440653423941
2007-03-31,232,231430.68321582454,418907.7710875542,1.810078790187448,RENT,0.05895,21.42608205510687,1874.1180048788985
2007-04-30,231,229148.26101110465,433938.24362780125,1.8937007931592915,RENT,0.0601,21.690973125978637,1902.8423749782191
2007-05-31,230,226888.2384683987,445338.0437032411,1.9628079741351088,RENT,0.05974,21.922652024955767,1926.508111169193
2007-06-30,229,224984.82481328715,455632.69332938525,2.0251707807738173,RENT,0.062815,22.117086679172523,1947.3335232618922
2007-07-31,228,221737.56511142512,486159.58859631844,2.192499896677493,RENT,0.06473,22.411867860634768,1978.680900853807
2007-08-31,227,220263.0272602872,497538.5760745935,2.2588383636743847,RENT,0.06511,22.454013513013688,1988.6626537724344
2007-09-30,226,219033.92566368706,495434.3898895493,2.261907092192914,RENT,0.06454,22.463193476227286,1995.704790033107
2007-10-31,225,216231.73675111015,489443.8982687608,2.263515548747254,RENT,0.0645,22.390155415569996,1995.0492246035892
2007-11-30,224,216120.75095927436,476637.44432180276,2.2054219329064795,RENT,0.06327999999999999,22.296374011039333,1992.931728524133
2007-12-31,223,216633.8469686681,469355.88935154135,2.166586135634773,RENT,0.063165,22.197590910059013,1990.3736190974041
2008-01-31,222,218665.09384869537,432973.3862076114,1.9800754596305434,RENT,0.06141,21.887201776132898,1972.0847046523784
2008-02-29,221,219924.39681251283,423012.2715993075,1.9234440459096884,RENT,0.060265000000000006,21.639391324373197,1952.3260202125803
2008-03-31,220,220250.13228557195,414064.17075098405,1.8799724043485098,RENT,0.06090500000000001,21.437902227780008,1938.561923680084
2008-04-30,219,219556.78506318253,425142.19557414425,1.9363655532294288,RENT,0.063835,21.42072453335389,1940.6518017076146
2008-05-31,218,218424.53682737768,424485.51587888465,1.9433966625020627,RENT,0.06588500000000001,21.440039650345362,1946.1674281233663
2008-06-30,217,218533.34358121362,415419.75027168164,1.9009444667069721,RENT,0.06801499999999999,21.10221127281928,1921.0910419933784
2008-07-31,216,218060.06447123887,420095.1192128644,1.9265110291126828,RENT,0.067935,20.951235402014046,1910.8429133995471
2008-08-31,215,220934.32406491216,386320.1575264782,1.7485746461603422,RENT,0.066455,20.368456400352784,1861.7420770169022
2008-09-30,214,223323.174538859,348323.0697427476,1.5597264836576026,RENT,0.06533,19.851282227674982,1819.1777295696115
2008-10-31,213,225300.4906773076,346898.369994747,1.5397142232220038,RENT,0.06709999999999999,19.30984828342061,1775.1901864436313
2008-11-30,212,227666.46496940532,331756.51718618564,1.4572041483174447,RENT,0.0688,18.702004746126182,0.0
2008-12-31,211,228685.37449281095,323682.0925877793,1.415403557423191,RENT,0.0699,18.368348785460473,0.0
2009-01-31,210,230381.77194138314,275283.99591353233,1.1949035446414304,RENT,0.0643,18.010368100966318,0.0
2009-02-28,209,230911.73048237746,275394.72138388024,1.1926406718644273,RENT,0.06269999999999999,17.79112465678471,0.0
2009-03-31,208,231084.7788923671,285845.78726375866,1.2369736710218275,RENT,0.06394999999999999,17.622000315616766,0.0
2009-04-30,207,229858.8538876087,283344.6402163169,1.23268969380166,RENT,0.0652,17.70693524972632,0.0
2009-05-31,206,228150.16709567024,283220.2084788998,1.2413762921336675,RENT,0.06645,17.92568247540042,0.0
2009-06-30,205,226762.0078940261,290839.8147314948,1.2825773480865215,RENT,0.0677,18.12557664276011,0.0
2009-07-31,204,224750.61420546746,306201.3291905384,1.362404860485091,RENT,0.0677,18.48526760370635,0.0
2009-08-31,203,223501.6882465525,299383.59049873566,1.3395137765960639,RENT,0.0674,18.72337366802207,0.0
2009-09-30,202,222525.10447374385,306680.55574066023,1.3781840770996965,RENT,0.0672,18.986328879953593,1756.272540512284
2009-10-31,201,222169.22735312564,298328.8562947966,1.3428000801416997,RENT,0.06849999999999999,19.137891436781036,1766.6500714410176
2009-11-30,200,221505.5955898079,305870.5781992055,1.3808706610086174,RENT,0.0692,19.20891843767737,1770.806830458268
2009-12-31,199,220335.39565296107,303341.36586752563,1.376725536850661,RENT,0.0694,19.391197377261722,1783.8377051751177
2010-01-31,198,219287.2327597152,299700.97031670087,1.3667050586802714,RENT,0.0691,19.606629676112465,1799.8783551141312
2010-02-28,197,218725.9574337274,303965.06723010965,1.3897073342207642,RENT,0.0692,19.68198122131491,1803.911914967764
2010-03-31,196,218620.14822677686,280507.4022921699,1.2830812007372567,RENT,0.0691,19.661444586475106,0.0
2010-04-30,195,217287.17060375877,277881.7139834458,1.2788684817944738,RENT,0.0695,19.868500063203253,0.0
2010-05-31,194,216489.6662490124,278715.7243029017,1.2874320014070102,RENT,0.0693,19.961068060152805,0.0
2010-06-30,193,215610.1897056312,284513.8323208236,1.3195750753211866,RENT,0.069,20.057497160041386,0.0
2010-07-31,192,213931.89824342504,296169.77601376595,1.3844114806888945,RENT,0.0682,20.310684912278788,0.0
2010-08-31,191,213252.90711120307,286855.79935522255,1.3451436758404351,RENT,0.0665,20.294004747301777,0.0
2010-09-30,190,213060.76707434174,282372.2687810532,1.3253133022023107,RENT,0.0657,20.20980668890114,0.0
2010-10-31,189,213760.24379075,261488.00159292316,1.2232770554326924,RENT,0.0644,19.942487688575227,0.0
2010-11-30,188,214418.79523122773,251767.70116365657,1.1741867166642366,RENT,0.0646,19.689576566452693,0.0
2010-12-31,187,214203.6528508368,248778.64310568915,1.161411767701875,RENT,0.0645,19.63743767680183,0.0
2011-01-31,186,214645.15536438825,236398.79638003945,1.101346992801778,RENT,0.06480000000000001,19.450569565154115,0.0
2011-02-28,185,215102.34357587728,226009.18514606776,1.0507053590810511,RENT,0.0622,19.341434120286618,0.0
2011-03-31,184,215127.85148303804,221031.3847061959,1.0274419754692867,RENT,0.0621,19.252446731767282,0.0
2011-04-30,183,213278.7742470941,227946.39776332496,1.0687720733955348,RENT,0.06280000000000001,19.482844272086435,0.0
2011-05-31,182,214018.44861422203,219651.34670118248,1.0263196846974347,RENT,0.0623,19.289754712918803,0.0
2011-06-30,181,213997.29330039932,214254.33157844946,1.0012011286408624,RENT,0.0607,19.28698564216492,0.0
2011-07-31,180,212260.0616910187,219018.32394789692,1.031839537796404,RENT,0.0605,19.571576124852825,0.0
2011-08-31,179,212422.7185703909,213405.759116814,1.0046277561695802,RENT,0.057999999999999996,19.532270420510265,0.0
2011-09-30,178,212840.11656222615,211024.34834144457,0.9914688628717664,BUY,0.05569999999999999,19.423619558453098,0.0
2011-10-31,177,213248.33882942924,212479.4901386763,0.9963945853225712,BUY,0.0561,19.227754462402146,0.0
2011-11-30,176,212327.73389011802,205440.5973893933,0.9675636508969249,BUY,0.0567,19.16812986932742,0.0
2011-12-31,175,211622.21538794547,207082.65251193868,0.9785487413611804,BUY,0.0575,19.10001522351954,0.0
2012-01-31,174,211256.05760094698,205548.10276033502,0.9729808702035232,BUY,0.0583,19.011162438721747,0.0
2012-02-29,173,210505.07455801076,201638.45259522786,0.9578792958725589,BUY,0.059000000000000004,18.960330585451747,0.0
2012-03-31,172,209417.85310767224,210438.68531827696,1.0048746188324251,RENT,0.060599999999999994,18.916129129512072,1808.2660550618573
2012-04-30,171,206887.5221225684,217568.84549004512,1.0516286495091216,RENT,0.060899999999999996,19.177795812627267,1837.6975971423597
2012-05-31,170,205166.87737521378,229801.17741244048,1.1200695762999548,RENT,0.0637,19.235665526446102,1846.9834657605852
2012-06-30,169,203946.314698463,228324.25476118625,1.1195311623981357,RENT,0.06,19.346225005673364,1860.9769942498694
2012-07-31,168,201683.24883184265,232066.5840918885,1.1506487793905906,RENT,0.0613,19.443409118026707,1874.0275274438056
2012-08-31,167,200531.9349289413,233286.74998846676,1.1633396449853843,RENT,0.0623,19.463847799945434,1879.14629203694
2012-09-30,166,200131.50304355443,228106.60082343113,1.139783579068951,RENT,0.061500000000000006,19.34639450227894,1873.2499930301447
2012-10-31,165,197736.12442352241,226247.57818959813,1.144189403171513,RENT,0.0594,19.226364104712147,1865.7778306325142
2012-11-30,164,197618.738688256,224222.63752564587,1.134622349145531,RENT,0.0594,19.18736524305946,1864.1665743160827
2012-12-31,163,197938.65090564062,213756.1300271403,1.0799110181317746,RENT,0.056900000000000006,19.184098127833185,1867.422029970378
2013-01-31,162,199890.38931486467,193367.82189674143,0.9673692795312486,BUY,0.0516,19.022566397431515,1854.513080676076
2013-02-28,161,199863.23058608713,181270.12645411337,0.9069708616364772,BUY,0.050300000000000004,19.039156635755525,1858.162768775048
2013-03-31,160,199201.91232640494,175817.15223195514,0.8826077530012243,BUY,0.049699999999999994,19.093697850353582,1865.114725561945
2013-04-30,159,197500.396955385,177793.45257071682,0.9002182036671048,BUY,0.049699999999999994,19.303747520608148,1888.8986373932742
2013-05-31,158,196529.54750828719,177381.7528028993,0.9025704025264677,BUY,0.049100000000000005,19.338373843532196,1895.2249294302144
2013-06-30,157,194513.69513246004,178599.54042125156,0.9181849139189339,BUY,0.0489,19.46794522810963,1909.6599006795607
2013-07-31,156,191472.73182559817,189086.30112251782,0.9875364461543589,BUY,0.048799999999999996,19.723956409184726,1937.9784195852938
2013-08-31,155,190552.52587599988,183895.9522569918,0.965066988283641,BUY,0.04819999999999999,19.835749457641963,1952.09821397456
2013-09-30,154,189822.67814269173,188898.1496360702,0.9951295149996432,BUY,0.0486,19.925123569412737,1962.6882070047045
2013-10-31,153,190163.7670625044,182672.02574787915,0.9606037394486259,BUY,0.0472,19.847574267797512,1957.0650287506533
2013-11-30,152,189827.5517278312,171966.3784012984,0.9059084249680385,BUY,0.04438,19.925031673458545,1968.3444049485972
2013-12-31,151,187895.6446406827,176493.97996826164,0.9393191646659786,BUY,0.044455,20.197445768396562,1996.6994284718598
2014-01-31,150,187385.80699468183,176111.3868338982,0.9398331157433732,BUY,0.044950000000000004,20.194309986542596,1999.66232096184
2014-02-28,149,186198.88809115463,181798.3324724814,0.9763663700477152,BUY,0.045500000000000006,20.2973606774035,2010.8053040599405
2014-03-31,148,185091.18773681938,180089.05865312924,0.9729747853214781,BUY,0.04569,20.368129438464248,2020.2931451472382
2014-04-30,147,181381.10945797982,190146.60173769045,1.048326379223859,RENT,0.04713,20.84283435074041,2069.4696602195504
2014-05-31,146,179090.21511445867,195130.5314767343,1.0895655653326681,RENT,0.04737500000000001,21.095441288806935,2096.287855027008
2014-06-30,145,177528.95964569462,194043.8637081036,1.0930265354755009,RENT,0.047295,21.263749083727166,2115.663225300575
2014-07-31,144,174800.37313030413,200108.24284330147,1.1447815542941187,RENT,0.04769999999999999,21.620677623919978,2154.3222930824186
2014-08-31,143,172823.00840824822,202916.42574830548,1.1741285354145068,RENT,0.04761,21.88393085181725,2182.7780780623802
2014-09-30,142,172747.22030170885,195658.69618779543,1.13263006979835,RENT,0.04721,21.896477612319508,2186.469395365046
2014-10-31,141,173107.15289124602,190022.7114158078,1.0977172707310883,RENT,0.045405,21.83412382477589,2183.975298832549
2014-11-30,140,173183.7162748702,184125.38596077575,1.0631795524501817,RENT,0.044805000000000005,21.7144163234678,2177.044019864088
2014-12-31,139,172282.02609975814,178305.3198280797,1.0349618231494087,RENT,0.04431,21.745671114575458,1870.303798571179
2015-01-31,138,172497.14928496705,173023.23807901033,1.0030498405117072,RENT,0.041734999999999994,21.664281751644914,1866.8469628855203
2015-02-28,137,171915.6319293428,169505.7221857508,0.985982020852051,BUY,0.041335,21.669362481694165,1875.447767903816
2015-03-31,136,171629.63851023946,164772.97680259374,0.9600496641071895,BUY,0.0408,21.61057215132134,1877.2766300749256
2015-04-30,135,169521.21150699066,165188.9603930834,0.9744441944733943,BUY,0.04053000000000001,21.79295658868617,1930.796748562468
2015-05-31,134,167503.01626580095,168122.84853363654,1.0037004245156518,RENT,0.040150000000000005,21.961834575304586,1981.3071789510368
2015-06-30,133,165875.3013148607,169071.84053157223,1.0192707364590943,RENT,0.03997,22.109776135633354,2019.1753685311019
2015-07-31,132,162475.64408425635,180621.26763591403,1.1116821149036207,RENT,0.040069999999999995,22.50037267125119,2109.779435441714
2015-08-31,131,160012.08964863254,183140.62125097847,1.1445424008469198,RENT,0.040475,22.658988835215208,2159.990078410872
2015-09-30,130,158535.52841304275,189192.2273479337,1.1933743132644632,RENT,0.03962,22.688420782404624,2184.01059418017
2015-10-31,129,157334.54088602462,191808.3806937558,1.2191117068991515,RENT,0.039405,22.70696718244866,2195.5624673288025
2015-11-30,128,155597.07924932396,186761.35372646994,1.2002882999314486,RENT,0.03914,22.857041713577793,2237.422394145321
2015-12-31,127,154362.75739449725,184853.77834908888,1.1975283511985164,RENT,0.03888500000000001,22.948268320073737,2268.3742498693146
2016-01-31,126,153263.4390613339,183171.73358435987,1.1951430472016036,RENT,0.037965,23.06115454316134,2303.132423767207
2016-02-29,125,152856.13312933483,184361.22511589903,1.2061094399130656,RENT,0.038135,23.05202848773986,2312.2272312249524
2016-03-31,124,150732.28722987167,184987.70653007645,1.2272599980385366,RENT,0.03789,23.230163118505438,2368.4680536678857
2016-04-30,123,150398.9364232195,179214.58209352815,1.1915947436571095,RENT,0.0381,23.150103635225236,2365.4087541383524
2016-05-31,122,148150.17130714556,181326.30971813263,1.223935876133455,RENT,0.03762,23.368704224804596,2427.3708102456867
2016-06-30,121,146827.81483097395,179916.39120857418,1.225356322408607,RENT,0.037004999999999996,23.4831886086098,2467.750336295522
2016-07-31,120,144716.35328134586,173029.77501273833,1.1956477004112163,RENT,0.03687,23.68843804012523,2575.3509583551117
2016-08-31,119,144591.46546464754,165257.09637757362,1.1429242787360696,RENT,0.036275,23.600364542443653,2568.1181477609325
2016-09-30,118,144649.3153904741,160769.15612227126,1.1114408366764985,RENT,0.03594,23.503971322604006,2555.0204042516125
2016-10-31,117,144563.34666921504,156612.82563004724,1.0833508578658144,RENT,0.035295,23.384586886339463,2524.4864697682524
2016-11-30,116,142769.18641636835,154275.56821586104,1.0805942941072437,RENT,0.035425,23.37014440871661,2553.4618139048616
2016-12-31,115,141263.4996189552,156620.83874888072,1.1087141347294276,RENT,0.03547,23.40295902288018,2601.8364871928907
2017-01-31,114,140136.25870119012,153440.29029199318,1.0949363977182451,RENT,0.035179999999999996,23.417383882825042,2637.1612214671536
2017-02-28,113,138531.08117606986,153967.9296992291,1.1114323832031554,RENT,0.03531,23.457335326974977,2670.2105244816194
2017-03-31,112,137483.24010891272,151342.07470346335,1.1008038113123593,RENT,0.035525,23.32568510792583,2626.952988325492
2017-04-30,111,134159.32538380756,154800.08433225862,1.1538525845251626,RENT,0.035255,23.550462071222906,2777.5820351977686
2017-05-31,110,131799.46394717818,158936.90456802,1.2058994764327553,RENT,0.035095,23.6933968858294,2852.4453650461755
2017-06-30,109,129398.40536871747,159568.03524304106,1.233153026796242,RENT,0.035025,23.787793688227843,2928.5726084683715
2017-07-31,108,125073.55843085906,165899.2772363774,1.3264136666271225,RENT,0.03455,24.035033015278216,3103.063234012894
2017-08-31,107,123588.27257686405,165388.8934340285,1.338224816850378,RENT,0.034285,24.09289289794755,3144.009330893884
2017-09-30,106,122620.12241976822,163726.77550072625,1.3352357856913297,RENT,0.03429,24.039964706642166,3114.4831155253514
2017-10-31,105,118497.63983055626,177217.80661139166,1.495538703258574,RENT,0.035085000000000005,23.97930789150538,3098.184884126154
2017-11-30,104,119716.50774577257,161225.80178830586,1.3467299107210975,RENT,0.034370000000000005,23.80513218254033,0.0
2017-12-31,103,119561.99571266174,157358.3373797611,1.3161233755074957,RENT,0.034285,23.86196145925699,0.0
2018-01-31,102,120232.2638882173,150785.8272428172,1.2541211681999622,RENT,0.033605,23.87418455473669,0.0
2018-02-28,101,120272.94714521576,147450.91269276149,1.2259690661336455,RENT,0.033705,23.84222310896597,0.0
2018-03-31,100,121494.89513368497,144139.92798512915,1.1863867023098138,RENT,0.033510000000000005,23.694555834633036,0.0
2018-04-30,99,119878.93381548981,146608.0135910982,1.2229672797786817,RENT,0.03308,23.870768466262632,0.0
2018-05-31,98,118283.53111306322,145723.66564968205,1.231986095430223,RENT,0.033635,23.956275453324924,0.0
2018-06-30,97,115618.14568462566,146391.75294020068,1.2661658952697348,RENT,0.03328,24.068296367940107,0.0
2018-07-31,96,111830.45390366396,151215.68303107974,1.352186973696307,RENT,0.032775,24.290162410848694,0.0
2018-08-31,95,112073.9760041442,144583.82197040704,1.2900748873677927,RENT,0.03196,24.246159947294878,0.0
2018-09-30,94,113118.0371254351,137679.66355867218,1.2171327142637829,RENT,0.030715,24.14129917128792,0.0
2018-10-31,93,113170.17873522645,134846.89642122138,1.1915408982140947,RENT,0.03061,24.080356083829294,0.0
2018-11-30,92,114008.30824502345,135105.21693147864,1.185047116400625,RENT,0.030045000000000002,23.91672885450042,0.0
2018-12-31,91,114804.01759106747,129963.00659025868,1.1320423214907653,RENT,0.029505,23.79523773892539,0.0
2019-01-31,90,115871.11095002311,131352.93365441728,1.1336124472912985,RENT,0.029245,23.653385236884098,0.0
2019-02-28,89,117426.85750473055,120624.23697705822,1.0272286897586342,RENT,0.0256,23.535673993226226,0.0
2019-03-31,88,118022.99154161054,117515.34971893585,0.9956987887186733,BUY,0.0256,23.38398662567872,0.0
2019-04-30,87,116288.1970848891,115244.23411211722,0.9910226231127326,BUY,0.0254,23.535269078490447,0.0
2019-05-31,86,116268.9201795506,111808.96174550266,0.9616410092468344,BUY,0.0254,23.371817870697907,0.0
2019-06-30,85,114580.26115623271,113828.49535126338,0.9934389588801489,BUY,0.0253,23.528307910582274,0.0
2019-07-31,84,111985.2522351116,111060.59921010061,0.9917430821777344,BUY,0.0254,23.770195765959752,0.0
2019-08-31,83,112218.22311824557,105878.09439813024,0.943501790137644,BUY,0.025,23.679084115420643,0.0
2019-09-30,82,111209.14329232156,106215.27285960445,0.955094785510663,BUY,0.025,23.711846506948728,0.0
2019-10-31,81,111716.66185384415,103580.51891841371,0.9271716250699047,BUY,0.024900000000000002,23.558134514150105,0.0
2019-11-30,80,112011.1293565626,103855.85472533792,0.9271922827841137,BUY,0.025,23.400564446814734,0.0
2019-12-31,79,110351.98898711274,102465.71667194033,0.9285352952170768,BUY,0.024900000000000002,23.50863643456396,0.0
2020-01-31,78,110455.39150130432,100318.31480122893,0.9082246999237182,BUY,0.024900000000000002,23.413132985554956,0.0
2020-02-29,77,110918.43035065787,98974.5429358738,0.892318279504816,BUY,0.024900000000000002,23.266980835475504,0.0
2020-03-31,76,108376.0793700729,103286.11316430035,0.9530342282599854,BUY,0.0248,23.49727689920484,0.0
2020-04-30,75,109911.49662363858,107991.79942655665,0.9825341546967066,BUY,0.0239,23.32637487281612,0.0
2020-05-31,74,110164.6412988175,99485.86316098845,0.9030652847235869,BUY,0.0233,23.25088743419523,0.0
2020-06-30,73,106557.96008223368,98592.1493691554,0.9252443392597715,BUY,0.025,23.522346073893345,0.0
2020-07-31,72,102744.87111186428,101592.38500904564,0.9887830303318609,BUY,0.0286,23.7208922678566,0.0
2020-08-31,71,99590.30495654664,104936.32384643731,1.053680113663908,RENT,0.0302,23.94204778070034,0.0
2020-09-30,70,93860.12093049876,115114.77411986091,1.2264503068891286,RENT,0.0395,24.11162023568873,0.0
2020-10-31,69,92694.29802829269,116595.18452874088,1.2578463509497966,RENT,0.0416,24.06789325472179,0.0
2020-11-30,68,89986.46356014925,117916.18590888166,1.3103769305264839,RENT,0.0407,24.350336456528687,0.0
2020-12-31,67,88993.85772476083,108888.2000864074,1.223547364618978,RENT,0.038,24.502254041296943,0.0
2021-01-31,66,89417.60993528529,104207.77936677358,1.1654055553731806,RENT,0.0365,24.437138277013265,0.0
2021-02-28,65,88948.63035367746,102348.18830594892,1.1506437805617933,RENT,0.0351,24.44616138844992,0.0
2021-03-31,64,85560.08605538338,102754.95702038627,1.2009683692215152,RENT,0.0345,24.73946944848403,0.0
2021-04-30,63,88183.00096987077,97176.8976118526,1.1019912743166311,RENT,0.0345,24.399872309730686,0.0
2021-05-31,62,87742.90533801983,93580.87303402011,1.0665349257983898,RENT,0.034300000000000004,24.393094886094293,0.0
2021-06-30,61,76927.50664237366,99665.11269607223,1.295571857793375,RENT,0.0336,25.491167320103063,0.0
2021-07-31,60,87150.85819056418,87350.5931812267,1.002291830451351,RENT,0.032,24.370382800137993,0.0
2021-08-31,59,80264.60499680237,88463.9970278373,1.1021545179392782,RENT,0.0296,25.085916213045866,0.0
2021-09-30,58,75667.65778414445,86231.0624378043,1.1396026382076454,RENT,0.0274,25.545328725415665,0.0
2021-10-31,57,80465.17328040494,82303.77196736728,1.0228496206744648,RENT,0.0262,24.930277156049563,0.0
2021-11-30,56,75604.98736433941,81961.84815904441,1.084079913459563,RENT,0.0258,25.33106135647061,0.0
2021-12-31,55,74364.80154975221,80072.0500940545,1.07674663853549,RENT,0.024700000000000003,25.32516703373961,0.0
2022-01-31,54,71646.89978085709,79299.37492375633,1.1068081824378375,RENT,0.0241,25.484106541757054,49.799642794913964
2022-02-28,53,70242.27323629698,81486.78011339394,1.1600817621501245,RENT,0.0242,25.460406680429237,98.93949294302148
2022-03-31,52,68434.0172729418,84160.71446297388,1.2298081833674592,RENT,0.0256,25.455320561966854,141.31434918975575
2022-04-30,51,65207.00481698738,83639.30273085236,1.2826735864589673,RENT,0.026699999999999998,25.58236401609676,279.30160306673497
2022-05-31,50,61703.18905368907,88327.25368678366,1.4314860389132968,RENT,0.0286,25.71923495799011,416.19547830632365
2022-06-30,49,56238.14307134494,93343.8905552863,1.659796811513997,RENT,0.0318,25.99889707123623,645.2392751350417
2022-07-31,48,50098.83534100087,103208.38061831516,2.060095407723969,RENT,0.0366,26.277438100574887,884.4846837428137
2022-08-31,47,46279.22687642829,101127.31254507354,2.1851556166894697,RENT,0.038,26.430770489777526,1055.8544171458432
2022-09-30,46,44113.844416322245,101696.04254877407,2.3053089998011203,RENT,0.0416,26.34613038549044,0.0
2022-10-31,45,39779.2791522381,121050.31751010075,3.043049549662091,RENT,0.057999999999999996,26.179065210665204,0.0
2022-11-30,44,39013.89634611865,118040.83759560715,3.0256100684839855,RENT,0.0584,26.05714992427644,0.0
2022-12-31,43,41300.41360007139,108386.309242726,2.6243395597021006,RENT,0.0541,25.758576200263143,0.0
2023-01-31,42,43484.67596033146,105489.5598224464,2.4259019411499905,RENT,0.0506,25.45664714805678,0.0
2023-02-28,41,46016.602100638265,96978.7510319246,2.107473098944424,RENT,0.0473,25.124835627679026,0.0
2023-03-31,40,49323.35365380399,93911.10243795661,1.9039885871733269,RENT,0.0466,24.650127352437615,0.0
2023-04-30,39,49177.04202434904,91290.01980652931,1.8563544298034205,RENT,0.045700000000000005,24.467552817694774,0.0
2023-05-31,38,49450.22022205632,90178.29757417664,1.8236177143242398,RENT,0.0462,24.19854010035708,0.0
2023-06-30,37,46682.584224102495,93911.33369870723,2.011699550476476,RENT,0.052000000000000005,24.12663137045499,0.0
2023-07-31,36,42412.67070489115,97338.38881425276,2.295030876304317,RENT,0.0587,24.193234872594278,0.0
2023-08-31,35,41282.401688081096,94468.55702197673,2.2883493488522335,RENT,0.0582,24.106287158145857,0.0
2023-09-30,34,41599.77651348908,92060.14523308718,2.2129961492277705,RENT,0.0562,23.928681166741704,0.0
2023-10-31,33,43634.68891394924,88267.3340570078,2.02287070800659,RENT,0.0538,23.597072781723693,0.0
2023-11-30,32,45923.002742397366,85941.56401930797,1.871427365091795,RENT,0.0518,23.257729665658243,0.0
2023-12-31,31,47931.542810073646,80095.06390023373,1.6710303738314127,RENT,0.0501,22.93790959326897,0.0
2024-01-31,30,47611.27052124479,75865.89277575798,1.5934439880554248,RENT,0.0484,22.79557280488534,0.0
2024-02-29,29,49086.226997478865,72999.2815874574,1.4871642424504687,RENT,0.047,22.458271974576135,0.0
2024-03-31,28,48525.01805736212,70351.11354486717,1.4497905690978643,RENT,0.048499999999999995,22.291206442279744,0.0
2024-04-30,27,47124.195304783876,68477.59075669244,1.453130187450455,RENT,0.049100000000000005,22.235171267122887,0.0
2024-05-31,26,44098.556309937674,70420.58619593704,1.596890966248427,RENT,0.0507,22.288523888497657,0.0
2024-06-30,25,42973.44452478574,68531.46764031172,1.5947399236471471,RENT,0.0507,22.195679703736182,0.0
2024-07-31,24,40355.016401655914,66635.8531029502,1.6512408876190146,RENT,0.0501,22.241256196088372,0.0
2024-08-31,23,36805.83039579785,66164.52947787942,1.7976643582380218,RENT,0.048799999999999996,22.383514420332013,0.0
2024-09-30,22,36528.17275889224,64480.273154682975,1.7652203295328046,RENT,0.0473,22.240971303834176,0.0
2024-10-31,21,36494.82920600998,63188.25049476975,1.731430229145007,RENT,0.046900000000000004,22.02577900797649,0.0
2024-11-30,20,37039.85628766805,61484.48706855051,1.6599547954785392,RENT,0.048,21.728449438051147,0.0
2024-12-31,19,36613.442131222226,58436.009795449405,1.5960261148355106,RENT,0.048,21.6197070540027,0.0
2025-01-31,18,35213.656831514905,58309.87692648926,1.6558881460531558,RENT,0.048,21.60778578062282,0.0
2025-02-28,17,35169.77563015628,55617.10789549599,1.5813893293026065,RENT,0.0481,21.488555365998458,0.0
2025-03-31,16,32931.29561130545,55869.233156770555,1.6965391770857146,RENT,0.0471,21.552786176615594,0.0
2025-04-30,15,38703.56023820391,57091.994868157315,1.475109641510508,RENT,0.0466,21.026625371727633,570.5425335424283
2025-05-31,14,35289.09047894488,58310.05294400909,1.6523535220835341,RENT,0.045700000000000005,21.186502663643026,746.1742550967087
2025-06-30,13,33135.45908508712,55867.558181365406,1.6860354352690727,RENT,0.0458,21.241417117244772,845.2155340651691
2025-07-31,12,31062.638740411436,54142.112239678536,1.74299784033613,RENT,0.045,21.38186836414154,943.2599320439099
2025-08-31,11,29041.770468024304,51533.53010369129,1.774462413041621,RENT,0.0443,21.42903424273687,1037.2853545913938
2025-09-30,10,29895.8247052097,50448.60982062509,1.6874801186479336,RENT,0.0451,21.22421536480631,963.8052361038514
2025-10-31,9,29533.808860290854,48013.02526333862,1.6256970271075892,RENT,0.0449,21.134542138784923,962.5274786548194
2025-11-30,8,28457.5698456823,45481.90864646595,1.5982358610767549,RENT,0.0441,21.092466902219947,1002.8358947551839
2025-12-31,7,31050.796007503464,44425.82933107787,1.4307468742618485,RENT,0.0435,20.842657103867428,836.5123540686532
2026-01-31,6,30256.890228760603,44067.44737845256,1.456443376873026,RENT,0.043,20.86278281211965,859.5755880815473
2026-02-28,5,30374.191689522704,43006.23071131641,1.415880664444184,RENT,0.0432,20.73518743786584,830.3043213103316
2026-03-31,4,30053.306716263935,41358.03902000026,1.3761560220466038,RENT,0.0472,20.67272886560919,821.5990939187992
