Date,Region,Rent_GBP,Price_GBP
2005-01-31,North East,459.0,105467.0
2005-02-28,North East,460.0,104501.0
2005-03-31,North East,461.0,106528.0
2005-04-30,North East,464.0,109350.0
2005-05-31,North East,465.0,110702.0
2005-06-30,North East,466.0,112222.0
2005-07-31,North East,466.0,114780.0
2005-08-31,North East,467.0,116433.0
2005-09-30,North East,469.0,114720.0
2005-10-31,North East,470.0,115091.0
2005-11-30,North East,471.0,116604.0
2005-12-31,North East,472.0,116455.0
2006-01-31,North East,474.0,116408.0
2006-02-28,North East,475.0,114596.0
2006-03-31,North East,476.0,117115.0
2006-04-30,North East,477.0,119413.0
2006-05-31,North East,478.0,119935.0
2006-06-30,North East,480.0,122127.0
2006-07-31,North East,481.0,123262.0
2006-08-31,North East,483.0,122958.0
2006-09-30,North East,483.0,124534.0
2006-10-31,North East,483.0,124685.0
2006-11-30,North East,483.0,123726.0
2006-12-31,North East,486.0,126812.0
2007-01-31,North East,488.0,125367.0
2007-02-28,North East,489.0,124105.0
2007-03-31,North East,490.0,125000.0
2007-04-30,North East,490.0,127769.0
2007-05-31,North East,489.0,128335.0
2007-06-30,North East,490.0,130236.0
2007-07-31,North East,491.0,131888.0
2007-08-31,North East,492.0,131069.0
2007-09-30,North East,493.0,130853.0
2007-10-31,North East,494.0,130512.0
2007-11-30,North East,496.0,131350.0
2007-12-31,North East,498.0,131043.0
2008-01-31,North East,502.0,128120.0
2008-02-29,North East,501.0,127750.0
2008-03-31,North East,502.0,126370.0
2008-04-30,North East,504.0,128633.0
2008-05-31,North East,505.0,129699.0
2008-06-30,North East,505.0,128164.0
2008-07-31,North East,506.0,125176.0
2008-08-31,North East,507.0,124456.0
2008-09-30,North East,508.0,120085.0
2008-10-31,North East,509.0,117742.0
2008-11-30,North East,510.0,117208.0
2008-12-31,North East,512.0,113793.0
2009-01-31,North East,512.0,112313.0
2009-02-28,North East,514.0,110903.0
2009-03-31,North East,514.0,110769.0
2009-04-30,North East,515.0,111896.0
2009-05-31,North East,516.0,113090.0
2009-06-30,North East,516.0,114312.0
2009-07-31,North East,517.0,114434.0
2009-08-31,North East,518.0,116065.0
2009-09-30,North East,518.0,117057.0
2009-10-31,North East,518.0,116499.0
2009-11-30,North East,518.0,117441.0
2009-12-31,North East,518.0,118460.0
2010-01-31,North East,517.0,113483.0
2010-02-28,North East,517.0,115410.0
2010-03-31,North East,516.0,116475.0
2010-04-30,North East,516.0,116764.0
2010-05-31,North East,516.0,116251.0
2010-06-30,North East,516.0,116958.0
2010-07-31,North East,517.0,116700.0
2010-08-31,North East,517.0,119375.0
2010-09-30,North East,517.0,115637.0
2010-10-31,North East,518.0,118073.0
2010-11-30,North East,519.0,113784.0
2010-12-31,North East,520.0,113238.0
2011-01-31,North East,520.0,110800.0
2011-02-28,North East,521.0,110514.0
2011-03-31,North East,521.0,109475.0
2011-04-30,North East,521.0,113001.0
2011-05-31,North East,522.0,113513.0
2011-06-30,North East,522.0,113222.0
2011-07-31,North East,523.0,111277.0
2011-08-31,North East,525.0,110658.0
2011-09-30,North East,526.0,110918.0
2011-10-31,North East,527.0,109974.0
2011-11-30,North East,527.0,110721.0
2011-12-31,North East,527.0,109112.0
2012-01-31,North East,528.0,106921.0
2012-02-29,North East,527.0,107716.0
2012-03-31,North East,527.0,110337.0
2012-04-30,North East,527.0,109778.0
2012-05-31,North East,527.0,109371.0
2012-06-30,North East,527.0,111115.0
2012-07-31,North East,527.0,110824.0
2012-08-31,North East,527.0,113295.0
2012-09-30,North East,527.0,111825.0
2012-10-31,North East,527.0,110557.0
2012-11-30,North East,529.0,110483.0
2012-12-31,North East,529.0,108670.0
2013-01-31,North East,529.0,107464.0
2013-02-28,North East,529.0,105972.0
2013-03-31,North East,529.0,108955.0
2013-04-30,North East,530.0,109114.0
2013-05-31,North East,530.0,109606.0
2013-06-30,North East,530.0,109413.0
2013-07-31,North East,530.0,112174.0
2013-08-31,North East,531.0,113740.0
2013-09-30,North East,531.0,112720.0
2013-10-31,North East,531.0,106785.0
2013-11-30,North East,531.0,110180.0
2013-12-31,North East,531.0,110007.0
2014-01-31,North East,531.0,108358.0
2014-02-28,North East,532.0,108598.0
2014-03-31,North East,531.0,110048.0
2014-04-30,North East,531.0,111939.0
2014-05-31,North East,531.0,112221.0
2014-06-30,North East,532.0,114685.0
2014-07-31,North East,532.0,114743.0
2014-08-31,North East,532.0,114790.0
2014-09-30,North East,532.0,113770.0
2014-10-31,North East,533.0,112226.0
2014-11-30,North East,533.0,112377.0
2014-12-31,North East,533.0,112396.0
2015-01-31,North East,533.0,110842.0
2015-02-28,North East,533.0,112138.0
2015-03-31,North East,533.0,111241.0
2015-04-30,North East,534.0,115045.0
2015-05-31,North East,534.0,114110.0
2015-06-30,North East,534.0,115977.0
2015-07-31,North East,534.0,116059.0
2015-08-31,North East,535.0,116959.0
2015-09-30,North East,535.0,116659.0
2015-10-31,North East,536.0,114964.0
2015-11-30,North East,537.0,116401.0
2015-12-31,North East,537.0,116936.0
2016-01-31,North East,537.0,114570.0
2016-02-29,North East,538.0,114559.0
2016-03-31,North East,539.0,116217.0
2016-04-30,North East,539.0,115881.0
2016-05-31,North East,540.0,117976.0
2016-06-30,North East,541.0,120059.0
2016-07-31,North East,544.0,120828.0
2016-08-31,North East,545.0,119319.0
2016-09-30,North East,547.0,118057.0
2016-10-31,North East,548.0,117519.0
2016-11-30,North East,550.0,118179.0
2016-12-31,North East,551.0,119525.0
2017-01-31,North East,551.0,115477.0
2017-02-28,North East,553.0,117401.0
2017-03-31,North East,553.0,115290.0
2017-04-30,North East,553.0,118166.0
2017-05-31,North East,554.0,120226.0
2017-06-30,North East,554.0,121193.0
2017-07-31,North East,554.0,121086.0
2017-08-31,North East,554.0,122746.0
2017-09-30,North East,554.0,120655.0
2017-10-31,North East,554.0,121660.0
2017-11-30,North East,554.0,120275.0
2017-12-31,North East,554.0,123106.0
2018-01-31,North East,553.0,117478.0
2018-02-28,North East,554.0,119630.0
2018-03-31,North East,554.0,117354.0
2018-04-30,North East,553.0,121414.0
2018-05-31,North East,553.0,121896.0
2018-06-30,North East,555.0,121148.0
2018-07-31,North East,554.0,124172.0
2018-08-31,North East,555.0,123349.0
2018-09-30,North East,556.0,123205.0
2018-10-31,North East,557.0,123712.0
2018-11-30,North East,557.0,121948.0
2018-12-31,North East,557.0,121760.0
2019-01-31,North East,557.0,118687.0
2019-02-28,North East,556.0,117822.0
2019-03-31,North East,557.0,117948.0
2019-04-30,North East,557.0,121919.0
2019-05-31,North East,558.0,121907.0
2019-06-30,North East,559.0,122531.0
2019-07-31,North East,560.0,122847.0
2019-08-31,North East,559.0,124357.0
2019-09-30,North East,559.0,124808.0
2019-10-31,North East,561.0,122347.0
2019-11-30,North East,562.0,122515.0
2019-12-31,North East,562.0,122342.0
2020-01-31,North East,563.0,120484.0
2020-02-29,North East,563.0,120149.0
2020-03-31,North East,563.0,121391.0
2020-04-30,North East,563.0,116581.0
2020-05-31,North East,563.0,121101.0
2020-06-30,North East,565.0,122678.0
2020-07-31,North East,565.0,123730.0
2020-08-31,North East,566.0,124454.0
2020-09-30,North East,568.0,127530.0
2020-10-31,North East,571.0,127455.0
2020-11-30,North East,573.0,129955.0
2020-12-31,North East,574.0,131490.0
2021-01-31,North East,575.0,132623.0
2021-02-28,North East,576.0,133797.0
2021-03-31,North East,576.0,136174.0
2021-04-30,North East,577.0,133960.0
2021-05-31,North East,578.0,133791.0
2021-06-30,North East,580.0,145095.0
2021-07-31,North East,581.0,134393.0
2021-08-31,North East,582.0,137004.0
2021-09-30,North East,585.0,146908.0
2021-10-31,North East,586.0,136801.0
2021-11-30,North East,587.0,138405.0
2021-12-31,North East,589.0,140230.0
2022-01-31,North East,586.0,140576.0
2022-02-28,North East,588.0,140762.0
2022-03-31,North East,593.0,143435.0
2022-04-30,North East,595.0,144411.0
2022-05-31,North East,598.0,145424.0
2022-06-30,North East,600.0,147826.0
2022-07-31,North East,603.0,151552.0
2022-08-31,North East,604.0,151747.0
2022-09-30,North East,607.0,152937.0
2022-10-31,North East,611.0,153663.0
2022-11-30,North East,612.0,153022.0
2022-12-31,North East,616.0,152252.0
2023-01-31,North East,619.0,150814.0
2023-02-28,North East,622.0,147783.0
2023-03-31,North East,624.0,144993.0
2023-04-30,North East,629.0,147442.0
2023-05-31,North East,629.0,146913.0
2023-06-30,North East,631.0,149448.0
2023-07-31,North East,637.0,150021.0
2023-08-31,North East,639.0,154429.0
2023-09-30,North East,641.0,151607.0
2023-10-31,North East,645.0,150966.0
2023-11-30,North East,647.0,150866.0
2023-12-31,North East,649.0,151215.0
2024-01-31,North East,653.0,147973.0
2024-02-29,North East,658.0,148690.0
2024-03-31,North East,663.0,147221.0
2024-04-30,North East,666.0,146629.0
2024-05-31,North East,668.0,149642.0
2024-06-30,North East,669.0,151871.0
2024-07-31,North East,676.0,151703.0
2024-08-31,North East,682.0,153371.0
2024-09-30,North East,687.0,156297.0
2024-10-31,North East,694.0,155424.0
2024-11-30,North East,700.0,155962.0
2024-12-31,North East,706.0,158022.0
2025-01-31,North East,710.0,154863.0
2025-02-28,North East,715.0,157310.0
2025-03-31,North East,725.0,163542.0
2025-04-30,North East,728.0,148461.0
2025-05-31,North East,733.0,154511.0
2025-06-30,North East,734.0,158448.0
2025-07-31,North East,736.0,159086.0
2025-08-31,North East,745.0,160561.0
2025-09-30,North East,750.0,160801.0
2025-10-31,North East,756.0,162717.0
2025-11-30,North East,759.0,166004.0
2025-12-31,North East,762.0,162610.0
2026-01-31,North East,767.0,158758.0
2026-02-28,North East,770.0,162983.0
2026-03-31,North East,772.0,162046.0
2026-04-30,North East,776.0,163190.0
2005-01-31,North West,526.0,110684.0
2005-02-28,North West,526.0,109465.0
2005-03-31,North West,526.0,112526.0
2005-04-30,North West,526.0,114572.0
2005-05-31,North West,527.0,117039.0
2005-06-30,North West,529.0,118703.0
2005-07-31,North West,529.0,120041.0
2005-08-31,North West,530.0,121222.0
2005-09-30,North West,531.0,121247.0
2005-10-31,North West,532.0,120898.0
2005-11-30,North West,533.0,121267.0
2005-12-31,North West,535.0,123353.0
2006-01-31,North West,536.0,121111.0
2006-02-28,North West,537.0,122474.0
2006-03-31,North West,538.0,122037.0
2006-04-30,North West,538.0,126371.0
2006-05-31,North West,539.0,126866.0
2006-06-30,North West,539.0,128805.0
2006-07-31,North West,539.0,129938.0
2006-08-31,North West,540.0,130349.0
2006-09-30,North West,540.0,131529.0
2006-10-31,North West,541.0,131326.0
2006-11-30,North West,543.0,132398.0
2006-12-31,North West,544.0,133849.0
2007-01-31,North West,546.0,132851.0
2007-02-28,North West,546.0,133656.0
2007-03-31,North West,548.0,133923.0
2007-04-30,North West,550.0,136370.0
2007-05-31,North West,552.0,137517.0
2007-06-30,North West,552.0,139534.0
2007-07-31,North West,553.0,139945.0
2007-08-31,North West,555.0,140995.0
2007-09-30,North West,556.0,140601.0
2007-10-31,North West,558.0,140841.0
2007-11-30,North West,558.0,140288.0
2007-12-31,North West,558.0,141847.0
2008-01-31,North West,560.0,137996.0
2008-02-29,North West,560.0,136639.0
2008-03-31,North West,561.0,134901.0
2008-04-30,North West,561.0,137179.0
2008-05-31,North West,562.0,136500.0
2008-06-30,North West,563.0,135994.0
2008-07-31,North West,563.0,133855.0
2008-08-31,North West,564.0,132385.0
2008-09-30,North West,565.0,128319.0
2008-10-31,North West,567.0,126997.0
2008-11-30,North West,569.0,123649.0
2008-12-31,North West,570.0,122404.0
2009-01-31,North West,570.0,118624.0
2009-02-28,North West,569.0,118127.0
2009-03-31,North West,570.0,116002.0
2009-04-30,North West,570.0,118897.0
2009-05-31,North West,571.0,119324.0
2009-06-30,North West,572.0,119914.0
2009-07-31,North West,573.0,121746.0
2009-08-31,North West,573.0,122580.0
2009-09-30,North West,572.0,123166.0
2009-10-31,North West,572.0,123974.0
2009-11-30,North West,572.0,124385.0
2009-12-31,North West,572.0,126336.0
2010-01-31,North West,572.0,121963.0
2010-02-28,North West,571.0,123852.0
2010-03-31,North West,572.0,122184.0
2010-04-30,North West,572.0,124848.0
2010-05-31,North West,572.0,124971.0
2010-06-30,North West,573.0,125368.0
2010-07-31,North West,573.0,124676.0
2010-08-31,North West,574.0,126322.0
2010-09-30,North West,574.0,125008.0
2010-10-31,North West,576.0,123923.0
2010-11-30,North West,577.0,122092.0
2010-12-31,North West,577.0,122231.0
2011-01-31,North West,578.0,120876.0
2011-02-28,North West,578.0,120001.0
2011-03-31,North West,579.0,118899.0
2011-04-30,North West,580.0,120511.0
2011-05-31,North West,580.0,119816.0
2011-06-30,North West,581.0,119566.0
2011-07-31,North West,581.0,121233.0
2011-08-31,North West,582.0,122225.0
2011-09-30,North West,583.0,121416.0
2011-10-31,North West,583.0,120674.0
2011-11-30,North West,584.0,118507.0
2011-12-31,North West,584.0,119152.0
2012-01-31,North West,585.0,117050.0
2012-02-29,North West,585.0,118474.0
2012-03-31,North West,586.0,118948.0
2012-04-30,North West,586.0,119380.0
2012-05-31,North West,586.0,118612.0
2012-06-30,North West,586.0,120801.0
2012-07-31,North West,587.0,120075.0
2012-08-31,North West,587.0,121104.0
2012-09-30,North West,588.0,120949.0
2012-10-31,North West,588.0,118182.0
2012-11-30,North West,588.0,119974.0
2012-12-31,North West,588.0,118987.0
2013-01-31,North West,588.0,115931.0
2013-02-28,North West,588.0,118279.0
2013-03-31,North West,588.0,118157.0
2013-04-30,North West,589.0,118665.0
2013-05-31,North West,589.0,119195.0
2013-06-30,North West,589.0,120605.0
2013-07-31,North West,589.0,120710.0
2013-08-31,North West,589.0,122403.0
2013-09-30,North West,590.0,122287.0
2013-10-31,North West,590.0,120126.0
2013-11-30,North West,590.0,121021.0
2013-12-31,North West,590.0,122233.0
2014-01-31,North West,591.0,120781.0
2014-02-28,North West,590.0,122252.0
2014-03-31,North West,591.0,121034.0
2014-04-30,North West,591.0,124342.0
2014-05-31,North West,591.0,124825.0
2014-06-30,North West,592.0,126439.0
2014-07-31,North West,592.0,127145.0
2014-08-31,North West,592.0,128635.0
2014-09-30,North West,592.0,128468.0
2014-10-31,North West,593.0,127847.0
2014-11-30,North West,593.0,127364.0
2014-12-31,North West,593.0,127201.0
2015-01-31,North West,594.0,126599.0
2015-02-28,North West,595.0,127622.0
2015-03-31,North West,596.0,125873.0
2015-04-30,North West,597.0,127729.0
2015-05-31,North West,597.0,129973.0
2015-06-30,North West,597.0,129481.0
2015-07-31,North West,598.0,131688.0
2015-08-31,North West,599.0,132574.0
2015-09-30,North West,600.0,132859.0
2015-10-31,North West,601.0,132220.0
2015-11-30,North West,603.0,132916.0
2015-12-31,North West,603.0,132950.0
2016-01-31,North West,603.0,133204.0
2016-02-29,North West,605.0,133083.0
2016-03-31,North West,606.0,131630.0
2016-04-30,North West,607.0,136500.0
2016-05-31,North West,608.0,137497.0
2016-06-30,North West,610.0,137892.0
2016-07-31,North West,611.0,139906.0
2016-08-31,North West,612.0,139750.0
2016-09-30,North West,613.0,139624.0
2016-10-31,North West,614.0,138036.0
2016-11-30,North West,615.0,139331.0
2016-12-31,North West,616.0,139179.0
2017-01-31,North West,617.0,139003.0
2017-02-28,North West,619.0,140482.0
2017-03-31,North West,621.0,139230.0
2017-04-30,North West,622.0,141652.0
2017-05-31,North West,623.0,142498.0
2017-06-30,North West,624.0,144298.0
2017-07-31,North West,625.0,145880.0
2017-08-31,North West,627.0,147268.0
2017-09-30,North West,628.0,146802.0
2017-10-31,North West,630.0,146383.0
2017-11-30,North West,633.0,146851.0
2017-12-31,North West,635.0,147837.0
2018-01-31,North West,635.0,144796.0
2018-02-28,North West,636.0,146586.0
2018-03-31,North West,636.0,144823.0
2018-04-30,North West,638.0,146818.0
2018-05-31,North West,638.0,147799.0
2018-06-30,North West,639.0,149186.0
2018-07-31,North West,640.0,151077.0
2018-08-31,North West,641.0,151772.0
2018-09-30,North West,642.0,151750.0
2018-10-31,North West,643.0,152467.0
2018-11-30,North West,644.0,151860.0
2018-12-31,North West,644.0,151471.0
2019-01-31,North West,644.0,150205.0
2019-02-28,North West,643.0,150818.0
2019-03-31,North West,644.0,149518.0
2019-04-30,North West,646.0,150992.0
2019-05-31,North West,647.0,152604.0
2019-06-30,North West,647.0,152440.0
2019-07-31,North West,648.0,154588.0
2019-08-31,North West,650.0,156053.0
2019-09-30,North West,651.0,155419.0
2019-10-31,North West,652.0,155204.0
2019-11-30,North West,652.0,154553.0
2019-12-31,North West,653.0,153685.0
2020-01-31,North West,655.0,153141.0
2020-02-29,North West,655.0,153325.0
2020-03-31,North West,656.0,155025.0
2020-04-30,North West,658.0,152528.0
2020-05-31,North West,660.0,152857.0
2020-06-30,North West,660.0,157055.0
2020-07-31,North West,661.0,159413.0
2020-08-31,North West,664.0,161286.0
2020-09-30,North West,665.0,162250.0
2020-10-31,North West,666.0,165484.0
2020-11-30,North West,667.0,166199.0
2020-12-31,North West,669.0,169085.0
2021-01-31,North West,672.0,170526.0
2021-02-28,North West,672.0,173134.0
2021-03-31,North West,673.0,175992.0
2021-04-30,North West,675.0,172587.0
2021-05-31,North West,677.0,172994.0
2021-06-30,North West,679.0,187330.0
2021-07-31,North West,681.0,171845.0
2021-08-31,North West,684.0,178467.0
2021-09-30,North West,687.0,187266.0
2021-10-31,North West,690.0,177157.0
2021-11-30,North West,692.0,182712.0
2021-12-31,North West,697.0,185573.0
2022-01-31,North West,700.0,186704.0
2022-02-28,North West,703.0,187066.0
2022-03-31,North West,706.0,187958.0
2022-04-30,North West,709.0,191021.0
2022-05-31,North West,714.0,192942.0
2022-06-30,North West,717.0,194417.0
2022-07-31,North West,722.0,199323.0
2022-08-31,North West,727.0,200868.0
2022-09-30,North West,731.0,202921.0
2022-10-31,North West,735.0,202008.0
2022-11-30,North West,740.0,202872.0
2022-12-31,North West,744.0,200795.0
2023-01-31,North West,747.0,197527.0
2023-02-28,North West,751.0,196497.0
2023-03-31,North West,756.0,194453.0
2023-04-30,North West,762.0,194385.0
2023-05-31,North West,766.0,196419.0
2023-06-30,North West,772.0,197880.0
2023-07-31,North West,777.0,199014.0
2023-08-31,North West,783.0,200408.0
2023-09-30,North West,788.0,200657.0
2023-10-31,North West,793.0,200939.0
2023-11-30,North West,797.0,199536.0
2023-12-31,North West,805.0,200245.0
2024-01-31,North West,809.0,196802.0
2024-02-29,North West,817.0,196304.0
2024-03-31,North West,822.0,198378.0
2024-04-30,North West,829.0,198529.0
2024-05-31,North West,835.0,202747.0
2024-06-30,North West,844.0,201998.0
2024-07-31,North West,851.0,203585.0
2024-08-31,North West,855.0,207404.0
2024-09-30,North West,862.0,207922.0
2024-10-31,North West,870.0,207841.0
2024-11-30,North West,878.0,208283.0
2024-12-31,North West,883.0,207967.0
2025-01-31,North West,888.0,207957.0
2025-02-28,North West,893.0,209139.0
2025-03-31,North West,896.0,216425.0
2025-04-30,North West,899.0,201694.0
2025-05-31,North West,905.0,207163.0
2025-06-30,North West,911.0,210061.0
2025-07-31,North West,912.0,212253.0
2025-08-31,North West,916.0,216036.0
2025-09-30,North West,923.0,214357.0
2025-10-31,North West,927.0,215926.0
2025-11-30,North West,933.0,218593.0
2025-12-31,North West,937.0,216134.0
2026-01-31,North West,941.0,213891.0
2026-02-28,North West,944.0,216416.0
2026-03-31,North West,947.0,214928.0
2026-04-30,North West,951.0,216138.0
2005-01-31,Yorkshire and The Humber,498.0,111935.0
2005-02-28,Yorkshire and The Humber,500.0,113342.0
2005-03-31,Yorkshire and The Humber,500.0,114502.0
2005-04-30,Yorkshire and The Humber,502.0,115003.0
2005-05-31,Yorkshire and The Humber,503.0,117647.0
2005-06-30,Yorkshire and The Humber,504.0,118928.0
2005-07-31,Yorkshire and The Humber,505.0,120427.0
2005-08-31,Yorkshire and The Humber,507.0,121469.0
2005-09-30,Yorkshire and The Humber,508.0,121697.0
2005-10-31,Yorkshire and The Humber,510.0,121868.0
2005-11-30,Yorkshire and The Humber,510.0,121981.0
2005-12-31,Yorkshire and The Humber,512.0,122753.0
2006-01-31,Yorkshire and The Humber,514.0,122401.0
2006-02-28,Yorkshire and The Humber,515.0,123300.0
2006-03-31,Yorkshire and The Humber,517.0,123869.0
2006-04-30,Yorkshire and The Humber,517.0,126934.0
2006-05-31,Yorkshire and The Humber,519.0,127236.0
2006-06-30,Yorkshire and The Humber,519.0,128530.0
2006-07-31,Yorkshire and The Humber,521.0,130231.0
2006-08-31,Yorkshire and The Humber,524.0,131670.0
2006-09-30,Yorkshire and The Humber,525.0,131823.0
2006-10-31,Yorkshire and The Humber,525.0,132379.0
2006-11-30,Yorkshire and The Humber,526.0,132983.0
2006-12-31,Yorkshire and The Humber,530.0,134718.0
2007-01-31,Yorkshire and The Humber,532.0,133490.0
2007-02-28,Yorkshire and The Humber,533.0,133735.0
2007-03-31,Yorkshire and The Humber,533.0,134329.0
2007-04-30,Yorkshire and The Humber,534.0,137552.0
2007-05-31,Yorkshire and The Humber,535.0,139157.0
2007-06-30,Yorkshire and The Humber,537.0,140595.0
2007-07-31,Yorkshire and The Humber,537.0,140885.0
2007-08-31,Yorkshire and The Humber,540.0,141079.0
2007-09-30,Yorkshire and The Humber,542.0,140589.0
2007-10-31,Yorkshire and The Humber,543.0,141405.0
2007-11-30,Yorkshire and The Humber,547.0,141108.0
2007-12-31,Yorkshire and The Humber,549.0,141361.0
2008-01-31,Yorkshire and The Humber,550.0,138573.0
2008-02-29,Yorkshire and The Humber,551.0,138126.0
2008-03-31,Yorkshire and The Humber,552.0,136655.0
2008-04-30,Yorkshire and The Humber,552.0,137633.0
2008-05-31,Yorkshire and The Humber,553.0,138264.0
2008-06-30,Yorkshire and The Humber,554.0,135510.0
2008-07-31,Yorkshire and The Humber,555.0,135285.0
2008-08-31,Yorkshire and The Humber,556.0,133046.0
2008-09-30,Yorkshire and The Humber,556.0,129538.0
2008-10-31,Yorkshire and The Humber,556.0,127444.0
2008-11-30,Yorkshire and The Humber,557.0,123614.0
2008-12-31,Yorkshire and The Humber,559.0,122391.0
2009-01-31,Yorkshire and The Humber,560.0,118176.0
2009-02-28,Yorkshire and The Humber,560.0,118368.0
2009-03-31,Yorkshire and The Humber,561.0,116556.0
2009-04-30,Yorkshire and The Humber,561.0,119069.0
2009-05-31,Yorkshire and The Humber,562.0,119722.0
2009-06-30,Yorkshire and The Humber,563.0,120600.0
2009-07-31,Yorkshire and The Humber,563.0,124390.0
2009-08-31,Yorkshire and The Humber,563.0,124504.0
2009-09-30,Yorkshire and The Humber,563.0,124268.0
2009-10-31,Yorkshire and The Humber,563.0,126133.0
2009-11-30,Yorkshire and The Humber,562.0,126339.0
2009-12-31,Yorkshire and The Humber,561.0,127198.0
2010-01-31,Yorkshire and The Humber,562.0,124977.0
2010-02-28,Yorkshire and The Humber,562.0,124940.0
2010-03-31,Yorkshire and The Humber,562.0,124909.0
2010-04-30,Yorkshire and The Humber,562.0,126501.0
2010-05-31,Yorkshire and The Humber,562.0,126860.0
2010-06-30,Yorkshire and The Humber,563.0,127437.0
2010-07-31,Yorkshire and The Humber,564.0,129214.0
2010-08-31,Yorkshire and The Humber,564.0,128851.0
2010-09-30,Yorkshire and The Humber,565.0,127519.0
2010-10-31,Yorkshire and The Humber,565.0,125240.0
2010-11-30,Yorkshire and The Humber,566.0,123818.0
2010-12-31,Yorkshire and The Humber,567.0,124887.0
2011-01-31,Yorkshire and The Humber,569.0,121396.0
2011-02-28,Yorkshire and The Humber,569.0,123137.0
2011-03-31,Yorkshire and The Humber,569.0,120256.0
2011-04-30,Yorkshire and The Humber,569.0,124045.0
2011-05-31,Yorkshire and The Humber,569.0,123973.0
2011-06-30,Yorkshire and The Humber,570.0,122632.0
2011-07-31,Yorkshire and The Humber,570.0,123457.0
2011-08-31,Yorkshire and The Humber,570.0,124601.0
2011-09-30,Yorkshire and The Humber,571.0,123816.0
2011-10-31,Yorkshire and The Humber,571.0,121648.0
2011-11-30,Yorkshire and The Humber,572.0,122217.0
2011-12-31,Yorkshire and The Humber,573.0,121997.0
2012-01-31,Yorkshire and The Humber,573.0,119314.0
2012-02-29,Yorkshire and The Humber,573.0,120390.0
2012-03-31,Yorkshire and The Humber,574.0,121015.0
2012-04-30,Yorkshire and The Humber,574.0,120521.0
2012-05-31,Yorkshire and The Humber,574.0,122024.0
2012-06-30,Yorkshire and The Humber,575.0,123282.0
2012-07-31,Yorkshire and The Humber,575.0,123459.0
2012-08-31,Yorkshire and The Humber,576.0,124037.0
2012-09-30,Yorkshire and The Humber,577.0,122905.0
2012-10-31,Yorkshire and The Humber,579.0,121624.0
2012-11-30,Yorkshire and The Humber,579.0,122630.0
2012-12-31,Yorkshire and The Humber,579.0,122079.0
2013-01-31,Yorkshire and The Humber,580.0,118140.0
2013-02-28,Yorkshire and The Humber,580.0,120571.0
2013-03-31,Yorkshire and The Humber,580.0,120177.0
2013-04-30,Yorkshire and The Humber,580.0,120459.0
2013-05-31,Yorkshire and The Humber,581.0,122386.0
2013-06-30,Yorkshire and The Humber,581.0,123042.0
2013-07-31,Yorkshire and The Humber,581.0,123746.0
2013-08-31,Yorkshire and The Humber,582.0,124181.0
2013-09-30,Yorkshire and The Humber,582.0,125379.0
2013-10-31,Yorkshire and The Humber,582.0,123271.0
2013-11-30,Yorkshire and The Humber,583.0,124027.0
2013-12-31,Yorkshire and The Humber,583.0,125434.0
2014-01-31,Yorkshire and The Humber,584.0,123797.0
2014-02-28,Yorkshire and The Humber,584.0,125717.0
2014-03-31,Yorkshire and The Humber,584.0,124055.0
2014-04-30,Yorkshire and The Humber,584.0,127562.0
2014-05-31,Yorkshire and The Humber,583.0,128358.0
2014-06-30,Yorkshire and The Humber,583.0,128390.0
2014-07-31,Yorkshire and The Humber,584.0,129943.0
2014-08-31,Yorkshire and The Humber,585.0,131536.0
2014-09-30,Yorkshire and The Humber,585.0,129715.0
2014-10-31,Yorkshire and The Humber,584.0,130492.0
2014-11-30,Yorkshire and The Humber,585.0,130165.0
2014-12-31,Yorkshire and The Humber,586.0,131019.0
2015-01-31,Yorkshire and The Humber,586.0,128167.0
2015-02-28,Yorkshire and The Humber,585.0,128943.0
2015-03-31,Yorkshire and The Humber,586.0,129645.0
2015-04-30,Yorkshire and The Humber,586.0,130300.0
2015-05-31,Yorkshire and The Humber,585.0,133330.0
2015-06-30,Yorkshire and The Humber,583.0,133535.0
2015-07-31,Yorkshire and The Humber,584.0,136228.0
2015-08-31,Yorkshire and The Humber,585.0,136774.0
2015-09-30,Yorkshire and The Humber,587.0,136136.0
2015-10-31,Yorkshire and The Humber,586.0,135844.0
2015-11-30,Yorkshire and The Humber,587.0,136513.0
2015-12-31,Yorkshire and The Humber,587.0,136979.0
2016-01-31,Yorkshire and The Humber,586.0,136097.0
2016-02-29,Yorkshire and The Humber,585.0,136539.0
2016-03-31,Yorkshire and The Humber,587.0,135373.0
2016-04-30,Yorkshire and The Humber,588.0,139439.0
2016-05-31,Yorkshire and The Humber,590.0,139973.0
2016-06-30,Yorkshire and The Humber,591.0,141514.0
2016-07-31,Yorkshire and The Humber,591.0,142441.0
2016-08-31,Yorkshire and The Humber,593.0,142584.0
2016-09-30,Yorkshire and The Humber,594.0,141674.0
2016-10-31,Yorkshire and The Humber,595.0,141522.0
2016-11-30,Yorkshire and The Humber,596.0,142333.0
2016-12-31,Yorkshire and The Humber,598.0,143617.0
2017-01-31,Yorkshire and The Humber,599.0,140165.0
2017-02-28,Yorkshire and The Humber,600.0,141864.0
2017-03-31,Yorkshire and The Humber,602.0,140865.0
2017-04-30,Yorkshire and The Humber,605.0,144242.0
2017-05-31,Yorkshire and The Humber,605.0,145465.0
2017-06-30,Yorkshire and The Humber,605.0,146646.0
2017-07-31,Yorkshire and The Humber,606.0,147317.0
2017-08-31,Yorkshire and The Humber,608.0,148788.0
2017-09-30,Yorkshire and The Humber,608.0,148653.0
2017-10-31,Yorkshire and The Humber,609.0,147677.0
2017-11-30,Yorkshire and The Humber,610.0,147857.0
2017-12-31,Yorkshire and The Humber,611.0,149125.0
2018-01-31,Yorkshire and The Humber,612.0,146727.0
2018-02-28,Yorkshire and The Humber,611.0,146544.0
2018-03-31,Yorkshire and The Humber,612.0,147271.0
2018-04-30,Yorkshire and The Humber,614.0,148179.0
2018-05-31,Yorkshire and The Humber,614.0,150166.0
2018-06-30,Yorkshire and The Humber,614.0,151054.0
2018-07-31,Yorkshire and The Humber,615.0,152499.0
2018-08-31,Yorkshire and The Humber,615.0,154445.0
2018-09-30,Yorkshire and The Humber,617.0,152649.0
2018-10-31,Yorkshire and The Humber,617.0,152245.0
2018-11-30,Yorkshire and The Humber,619.0,151982.0
2018-12-31,Yorkshire and The Humber,619.0,152603.0
2019-01-31,Yorkshire and The Humber,621.0,150919.0
2019-02-28,Yorkshire and The Humber,622.0,149924.0
2019-03-31,Yorkshire and The Humber,622.0,151324.0
2019-04-30,Yorkshire and The Humber,624.0,152328.0
2019-05-31,Yorkshire and The Humber,624.0,152676.0
2019-06-30,Yorkshire and The Humber,625.0,154041.0
2019-07-31,Yorkshire and The Humber,626.0,155294.0
2019-08-31,Yorkshire and The Humber,628.0,155819.0
2019-09-30,Yorkshire and The Humber,631.0,155723.0
2019-10-31,Yorkshire and The Humber,632.0,156458.0
2019-11-30,Yorkshire and The Humber,635.0,155187.0
2019-12-31,Yorkshire and The Humber,637.0,155920.0
2020-01-31,Yorkshire and The Humber,637.0,154883.0
2020-02-29,Yorkshire and The Humber,638.0,154695.0
2020-03-31,Yorkshire and The Humber,638.0,155643.0
2020-04-30,Yorkshire and The Humber,639.0,150730.0
2020-05-31,Yorkshire and The Humber,640.0,155276.0
2020-06-30,Yorkshire and The Humber,641.0,158072.0
2020-07-31,Yorkshire and The Humber,643.0,158824.0
2020-08-31,Yorkshire and The Humber,643.0,160951.0
2020-09-30,Yorkshire and The Humber,645.0,161730.0
2020-10-31,Yorkshire and The Humber,646.0,164114.0
2020-11-30,Yorkshire and The Humber,645.0,167676.0
2020-12-31,Yorkshire and The Humber,646.0,168778.0
2021-01-31,Yorkshire and The Humber,646.0,170388.0
2021-02-28,Yorkshire and The Humber,648.0,171334.0
2021-03-31,Yorkshire and The Humber,650.0,172745.0
2021-04-30,Yorkshire and The Humber,651.0,169361.0
2021-05-31,Yorkshire and The Humber,654.0,171213.0
2021-06-30,Yorkshire and The Humber,655.0,184117.0
2021-07-31,Yorkshire and The Humber,658.0,169009.0
2021-08-31,Yorkshire and The Humber,661.0,174892.0
2021-09-30,Yorkshire and The Humber,663.0,183852.0
2021-10-31,Yorkshire and The Humber,666.0,173741.0
2021-11-30,Yorkshire and The Humber,668.0,179074.0
2021-12-31,Yorkshire and The Humber,672.0,180680.0
2022-01-31,Yorkshire and The Humber,677.0,182226.0
2022-02-28,Yorkshire and The Humber,680.0,183698.0
2022-03-31,Yorkshire and The Humber,683.0,183085.0
2022-04-30,Yorkshire and The Humber,686.0,184986.0
2022-05-31,Yorkshire and The Humber,689.0,189205.0
2022-06-30,Yorkshire and The Humber,691.0,190937.0
2022-07-31,Yorkshire and The Humber,694.0,194228.0
2022-08-31,Yorkshire and The Humber,697.0,195533.0
2022-09-30,Yorkshire and The Humber,702.0,196752.0
2022-10-31,Yorkshire and The Humber,705.0,197361.0
2022-11-30,Yorkshire and The Humber,707.0,198212.0
2022-12-31,Yorkshire and The Humber,711.0,197647.0
2023-01-31,Yorkshire and The Humber,715.0,191628.0
2023-02-28,Yorkshire and The Humber,719.0,191681.0
2023-03-31,Yorkshire and The Humber,724.0,187293.0
2023-04-30,Yorkshire and The Humber,730.0,190374.0
2023-05-31,Yorkshire and The Humber,734.0,189275.0
2023-06-30,Yorkshire and The Humber,737.0,193446.0
2023-07-31,Yorkshire and The Humber,742.0,195102.0
2023-08-31,Yorkshire and The Humber,747.0,197800.0
2023-09-30,Yorkshire and The Humber,751.0,194270.0
2023-10-31,Yorkshire and The Humber,757.0,195381.0
2023-11-30,Yorkshire and The Humber,762.0,193998.0
2023-12-31,Yorkshire and The Humber,765.0,192662.0
2024-01-31,Yorkshire and The Humber,769.0,191618.0
2024-02-29,Yorkshire and The Humber,775.0,191087.0
2024-03-31,Yorkshire and The Humber,780.0,192827.0
2024-04-30,Yorkshire and The Humber,785.0,191916.0
2024-05-31,Yorkshire and The Humber,790.0,193994.0
2024-06-30,Yorkshire and The Humber,794.0,197974.0
2024-07-31,Yorkshire and The Humber,794.0,197976.0
2024-08-31,Yorkshire and The Humber,798.0,201974.0
2024-09-30,Yorkshire and The Humber,798.0,198849.0
2024-10-31,Yorkshire and The Humber,802.0,199913.0
2024-11-30,Yorkshire and The Humber,805.0,201710.0
2024-12-31,Yorkshire and The Humber,806.0,201791.0
2025-01-31,Yorkshire and The Humber,809.0,200501.0
2025-02-28,Yorkshire and The Humber,813.0,201403.0
2025-03-31,Yorkshire and The Humber,816.0,208152.0
2025-04-30,Yorkshire and The Humber,816.0,194026.0
2025-05-31,Yorkshire and The Humber,819.0,199922.0
2025-06-30,Yorkshire and The Humber,822.0,200280.0
2025-07-31,Yorkshire and The Humber,822.0,202757.0
2025-08-31,Yorkshire and The Humber,825.0,205874.0
2025-09-30,Yorkshire and The Humber,829.0,205658.0
2025-10-31,Yorkshire and The Humber,833.0,206850.0
2025-11-30,Yorkshire and The Humber,838.0,209583.0
2025-12-31,Yorkshire and The Humber,841.0,206868.0
2026-01-31,Yorkshire and The Humber,843.0,206137.0
2026-02-28,Yorkshire and The Humber,848.0,209669.0
2026-03-31,Yorkshire and The Humber,852.0,207433.0
2026-04-30,Yorkshire and The Humber,855.0,207974.0
2005-01-31,East Midlands,498.0,130266.0
2005-02-28,East Midlands,501.0,131704.0
2005-03-31,East Midlands,501.0,132038.0
2005-04-30,East Midlands,503.0,133495.0
2005-05-31,East Midlands,506.0,135007.0
2005-06-30,East Midlands,506.0,134528.0
2005-07-31,East Midlands,507.0,136194.0
2005-08-31,East Midlands,508.0,137235.0
2005-09-30,East Midlands,509.0,136141.0
2005-10-31,East Midlands,510.0,137315.0
2005-11-30,East Midlands,511.0,137311.0
2005-12-31,East Midlands,512.0,137021.0
2006-01-31,East Midlands,514.0,135237.0
2006-02-28,East Midlands,514.0,135594.0
2006-03-31,East Midlands,515.0,136176.0
2006-04-30,East Midlands,516.0,140034.0
2006-05-31,East Midlands,517.0,139736.0
2006-06-30,East Midlands,517.0,140998.0
2006-07-31,East Midlands,518.0,143553.0
2006-08-31,East Midlands,519.0,144201.0
2006-09-30,East Midlands,520.0,142806.0
2006-10-31,East Midlands,522.0,144280.0
2006-11-30,East Midlands,523.0,144542.0
2006-12-31,East Midlands,524.0,146212.0
2007-01-31,East Midlands,524.0,145749.0
2007-02-28,East Midlands,525.0,146373.0
2007-03-31,East Midlands,525.0,146938.0
2007-04-30,East Midlands,526.0,148340.0
2007-05-31,East Midlands,528.0,148733.0
2007-06-30,East Midlands,529.0,150425.0
2007-07-31,East Midlands,530.0,152049.0
2007-08-31,East Midlands,530.0,153128.0
2007-09-30,East Midlands,531.0,153623.0
2007-10-31,East Midlands,533.0,151721.0
2007-11-30,East Midlands,533.0,152106.0
2007-12-31,East Midlands,534.0,151415.0
2008-01-31,East Midlands,535.0,147391.0
2008-02-29,East Midlands,536.0,147361.0
2008-03-31,East Midlands,538.0,146597.0
2008-04-30,East Midlands,538.0,146797.0
2008-05-31,East Midlands,539.0,146487.0
2008-06-30,East Midlands,541.0,145927.0
2008-07-31,East Midlands,542.0,145373.0
2008-08-31,East Midlands,542.0,140774.0
2008-09-30,East Midlands,542.0,137306.0
2008-10-31,East Midlands,543.0,134959.0
2008-11-30,East Midlands,543.0,129901.0
2008-12-31,East Midlands,543.0,129828.0
2009-01-31,East Midlands,543.0,126834.0
2009-02-28,East Midlands,543.0,125062.0
2009-03-31,East Midlands,543.0,125099.0
2009-04-30,East Midlands,543.0,125539.0
2009-05-31,East Midlands,543.0,125063.0
2009-06-30,East Midlands,542.0,128177.0
2009-07-31,East Midlands,541.0,129273.0
2009-08-31,East Midlands,541.0,131288.0
2009-09-30,East Midlands,540.0,131430.0
2009-10-31,East Midlands,540.0,133220.0
2009-11-30,East Midlands,539.0,133403.0
2009-12-31,East Midlands,540.0,135375.0
2010-01-31,East Midlands,539.0,131404.0
2010-02-28,East Midlands,537.0,134427.0
2010-03-31,East Midlands,537.0,132747.0
2010-04-30,East Midlands,536.0,134281.0
2010-05-31,East Midlands,536.0,136505.0
2010-06-30,East Midlands,536.0,136874.0
2010-07-31,East Midlands,536.0,137673.0
2010-08-31,East Midlands,536.0,138671.0
2010-09-30,East Midlands,536.0,136820.0
2010-10-31,East Midlands,535.0,135867.0
2010-11-30,East Midlands,536.0,134748.0
2010-12-31,East Midlands,538.0,133946.0
2011-01-31,East Midlands,538.0,131361.0
2011-02-28,East Midlands,538.0,132133.0
2011-03-31,East Midlands,538.0,131333.0
2011-04-30,East Midlands,539.0,132018.0
2011-05-31,East Midlands,539.0,132368.0
2011-06-30,East Midlands,540.0,132685.0
2011-07-31,East Midlands,541.0,134868.0
2011-08-31,East Midlands,541.0,135410.0
2011-09-30,East Midlands,542.0,133771.0
2011-10-31,East Midlands,543.0,132402.0
2011-11-30,East Midlands,543.0,132729.0
2011-12-31,East Midlands,544.0,133580.0
2012-01-31,East Midlands,546.0,131314.0
2012-02-29,East Midlands,547.0,131057.0
2012-03-31,East Midlands,547.0,131946.0
2012-04-30,East Midlands,548.0,133308.0
2012-05-31,East Midlands,549.0,133126.0
2012-06-30,East Midlands,549.0,134289.0
2012-07-31,East Midlands,550.0,135757.0
2012-08-31,East Midlands,550.0,134611.0
2012-09-30,East Midlands,551.0,134099.0
2012-10-31,East Midlands,552.0,134228.0
2012-11-30,East Midlands,552.0,134340.0
2012-12-31,East Midlands,553.0,133825.0
2013-01-31,East Midlands,554.0,132438.0
2013-02-28,East Midlands,554.0,132498.0
2013-03-31,East Midlands,553.0,133425.0
2013-04-30,East Midlands,554.0,134150.0
2013-05-31,East Midlands,555.0,135785.0
2013-06-30,East Midlands,554.0,136126.0
2013-07-31,East Midlands,555.0,137251.0
2013-08-31,East Midlands,556.0,138691.0
2013-09-30,East Midlands,557.0,138231.0
2013-10-31,East Midlands,557.0,139089.0
2013-11-30,East Midlands,559.0,138201.0
2013-12-31,East Midlands,559.0,140532.0
2014-01-31,East Midlands,559.0,139876.0
2014-02-28,East Midlands,560.0,141302.0
2014-03-31,East Midlands,561.0,141019.0
2014-04-30,East Midlands,561.0,143784.0
2014-05-31,East Midlands,561.0,144447.0
2014-06-30,East Midlands,563.0,145839.0
2014-07-31,East Midlands,562.0,146999.0
2014-08-31,East Midlands,562.0,149286.0
2014-09-30,East Midlands,563.0,149507.0
2014-10-31,East Midlands,564.0,148455.0
2014-11-30,East Midlands,565.0,148299.0
2014-12-31,East Midlands,565.0,148199.0
2015-01-31,East Midlands,566.0,147972.0
2015-02-28,East Midlands,567.0,148493.0
2015-03-31,East Midlands,568.0,148992.0
2015-04-30,East Midlands,568.0,149909.0
2015-05-31,East Midlands,569.0,151863.0
2015-06-30,East Midlands,570.0,153067.0
2015-07-31,East Midlands,572.0,155205.0
2015-08-31,East Midlands,573.0,157157.0
2015-09-30,East Midlands,575.0,156162.0
2015-10-31,East Midlands,576.0,157700.0
2015-11-30,East Midlands,576.0,158364.0
2015-12-31,East Midlands,576.0,158962.0
2016-01-31,East Midlands,578.0,158831.0
2016-02-29,East Midlands,578.0,158290.0
2016-03-31,East Midlands,579.0,159052.0
2016-04-30,East Midlands,580.0,161689.0
2016-05-31,East Midlands,582.0,162514.0
2016-06-30,East Midlands,583.0,163785.0
2016-07-31,East Midlands,586.0,165414.0
2016-08-31,East Midlands,588.0,166249.0
2016-09-30,East Midlands,589.0,166849.0
2016-10-31,East Midlands,591.0,166085.0
2016-11-30,East Midlands,593.0,167427.0
2016-12-31,East Midlands,595.0,168191.0
2017-01-31,East Midlands,597.0,166547.0
2017-02-28,East Midlands,599.0,168619.0
2017-03-31,East Midlands,600.0,168470.0
2017-04-30,East Midlands,602.0,171346.0
2017-05-31,East Midlands,603.0,172332.0
2017-06-30,East Midlands,604.0,173524.0
2017-07-31,East Midlands,606.0,176382.0
2017-08-31,East Midlands,608.0,175988.0
2017-09-30,East Midlands,609.0,177002.0
2017-10-31,East Midlands,611.0,177222.0
2017-11-30,East Midlands,614.0,177154.0
2017-12-31,East Midlands,616.0,178086.0
2018-01-31,East Midlands,616.0,177732.0
2018-02-28,East Midlands,618.0,180294.0
2018-03-31,East Midlands,619.0,177993.0
2018-04-30,East Midlands,620.0,180334.0
2018-05-31,East Midlands,622.0,181826.0
2018-06-30,East Midlands,624.0,182243.0
2018-07-31,East Midlands,626.0,184142.0
2018-08-31,East Midlands,628.0,185470.0
2018-09-30,East Midlands,635.0,186856.0
2018-10-31,East Midlands,638.0,184561.0
2018-11-30,East Midlands,643.0,185825.0
2018-12-31,East Midlands,642.0,184588.0
2019-01-31,East Midlands,645.0,184148.0
2019-02-28,East Midlands,645.0,183910.0
2019-03-31,East Midlands,646.0,183521.0
2019-04-30,East Midlands,647.0,184470.0
2019-05-31,East Midlands,648.0,184812.0
2019-06-30,East Midlands,649.0,184910.0
2019-07-31,East Midlands,650.0,186307.0
2019-08-31,East Midlands,651.0,188104.0
2019-09-30,East Midlands,653.0,187643.0
2019-10-31,East Midlands,656.0,187487.0
2019-11-30,East Midlands,657.0,187649.0
2019-12-31,East Midlands,656.0,187279.0
2020-01-31,East Midlands,656.0,187868.0
2020-02-29,East Midlands,658.0,186308.0
2020-03-31,East Midlands,658.0,188446.0
2020-04-30,East Midlands,660.0,187949.0
2020-05-31,East Midlands,661.0,187382.0
2020-06-30,East Midlands,661.0,191136.0
2020-07-31,East Midlands,662.0,193004.0
2020-08-31,East Midlands,663.0,193470.0
2020-09-30,East Midlands,665.0,194142.0
2020-10-31,East Midlands,667.0,196846.0
2020-11-30,East Midlands,668.0,199379.0
2020-12-31,East Midlands,670.0,201798.0
2021-01-31,East Midlands,671.0,202133.0
2021-02-28,East Midlands,673.0,204514.0
2021-03-31,East Midlands,675.0,205588.0
2021-04-30,East Midlands,677.0,202601.0
2021-05-31,East Midlands,681.0,203546.0
2021-06-30,East Midlands,681.0,215392.0
2021-07-31,East Midlands,683.0,202813.0
2021-08-31,East Midlands,686.0,209343.0
2021-09-30,East Midlands,688.0,217444.0
2021-10-31,East Midlands,690.0,212790.0
2021-11-30,East Midlands,693.0,216112.0
2021-12-31,East Midlands,697.0,218318.0
2022-01-31,East Midlands,699.0,219956.0
2022-02-28,East Midlands,703.0,221012.0
2022-03-31,East Midlands,707.0,222760.0
2022-04-30,East Midlands,710.0,224769.0
2022-05-31,East Midlands,712.0,226878.0
2022-06-30,East Midlands,715.0,231038.0
2022-07-31,East Midlands,717.0,233487.0
2022-08-31,East Midlands,721.0,237151.0
2022-09-30,East Midlands,725.0,236940.0
2022-10-31,East Midlands,729.0,237264.0
2022-11-30,East Midlands,736.0,237753.0
2022-12-31,East Midlands,738.0,237956.0
2023-01-31,East Midlands,740.0,235315.0
2023-02-28,East Midlands,741.0,232456.0
2023-03-31,East Midlands,745.0,229868.0
2023-04-30,East Midlands,748.0,230965.0
2023-05-31,East Midlands,753.0,229615.0
2023-06-30,East Midlands,757.0,232790.0
2023-07-31,East Midlands,761.0,233810.0
2023-08-31,East Midlands,766.0,235914.0
2023-09-30,East Midlands,772.0,233437.0
2023-10-31,East Midlands,778.0,232325.0
2023-11-30,East Midlands,787.0,233029.0
2023-12-31,East Midlands,791.0,229757.0
2024-01-31,East Midlands,795.0,227053.0
2024-02-29,East Midlands,801.0,227623.0
2024-03-31,East Midlands,806.0,227703.0
2024-04-30,East Midlands,812.0,227940.0
2024-05-31,East Midlands,818.0,230613.0
2024-06-30,East Midlands,827.0,228627.0
2024-07-31,East Midlands,832.0,233319.0
2024-08-31,East Midlands,837.0,234304.0
2024-09-30,East Midlands,840.0,234886.0
2024-10-31,East Midlands,849.0,236104.0
2024-11-30,East Midlands,853.0,235874.0
2024-12-31,East Midlands,856.0,237904.0
2025-01-31,East Midlands,861.0,236516.0
2025-02-28,East Midlands,868.0,236450.0
2025-03-31,East Midlands,873.0,240072.0
2025-04-30,East Midlands,877.0,228979.0
2025-05-31,East Midlands,881.0,233206.0
2025-06-30,East Midlands,885.0,234796.0
2025-07-31,East Midlands,886.0,238143.0
2025-08-31,East Midlands,889.0,242720.0
2025-09-30,East Midlands,894.0,240967.0
2025-10-31,East Midlands,897.0,243512.0
2025-11-30,East Midlands,901.0,243946.0
2025-12-31,East Midlands,901.0,242422.0
2026-01-31,East Midlands,906.0,239750.0
2026-02-28,East Midlands,909.0,240819.0
2026-03-31,East Midlands,910.0,241631.0
2026-04-30,East Midlands,911.0,241620.0
2005-01-31,West Midlands,538.0,124542.0
2005-02-28,West Midlands,539.0,124364.0
2005-03-31,West Midlands,540.0,123753.0
2005-04-30,West Midlands,541.0,125147.0
2005-05-31,West Midlands,543.0,125673.0
2005-06-30,West Midlands,544.0,126927.0
2005-07-31,West Midlands,545.0,128389.0
2005-08-31,West Midlands,546.0,129558.0
2005-09-30,West Midlands,547.0,130034.0
2005-10-31,West Midlands,548.0,130025.0
2005-11-30,West Midlands,549.0,130120.0
2005-12-31,West Midlands,553.0,130893.0
2006-01-31,West Midlands,554.0,130739.0
2006-02-28,West Midlands,555.0,130769.0
2006-03-31,West Midlands,555.0,130596.0
2006-04-30,West Midlands,556.0,131383.0
2006-05-31,West Midlands,557.0,132879.0
2006-06-30,West Midlands,558.0,134023.0
2006-07-31,West Midlands,559.0,134693.0
2006-08-31,West Midlands,560.0,135288.0
2006-09-30,West Midlands,561.0,135749.0
2006-10-31,West Midlands,562.0,136600.0
2006-11-30,West Midlands,563.0,137004.0
2006-12-31,West Midlands,565.0,137888.0
2007-01-31,West Midlands,566.0,138400.0
2007-02-28,West Midlands,566.0,138572.0
2007-03-31,West Midlands,566.0,138521.0
2007-04-30,West Midlands,567.0,139436.0
2007-05-31,West Midlands,568.0,140171.0
2007-06-30,West Midlands,569.0,141128.0
2007-07-31,West Midlands,571.0,141759.0
2007-08-31,West Midlands,572.0,143106.0
2007-09-30,West Midlands,573.0,143516.0
2007-10-31,West Midlands,574.0,143623.0
2007-11-30,West Midlands,576.0,142887.0
2007-12-31,West Midlands,576.0,143434.0
2008-01-31,West Midlands,578.0,142875.0
2008-02-29,West Midlands,578.0,142262.0
2008-03-31,West Midlands,579.0,140181.0
2008-04-30,West Midlands,580.0,139123.0
2008-05-31,West Midlands,581.0,138982.0
2008-06-30,West Midlands,583.0,138775.0
2008-07-31,West Midlands,584.0,137686.0
2008-08-31,West Midlands,584.0,135006.0
2008-09-30,West Midlands,585.0,132708.0
2008-10-31,West Midlands,586.0,130995.0
2008-11-30,West Midlands,588.0,128777.0
2008-12-31,West Midlands,589.0,125687.0
2009-01-31,West Midlands,590.0,122751.0
2009-02-28,West Midlands,590.0,121338.0
2009-03-31,West Midlands,590.0,120672.0
2009-04-30,West Midlands,591.0,119944.0
2009-05-31,West Midlands,590.0,119488.0
2009-06-30,West Midlands,589.0,119403.0
2009-07-31,West Midlands,588.0,121044.0
2009-08-31,West Midlands,587.0,122832.0
2009-09-30,West Midlands,586.0,125412.0
2009-10-31,West Midlands,584.0,126848.0
2009-11-30,West Midlands,583.0,127466.0
2009-12-31,West Midlands,583.0,128391.0
2010-01-31,West Midlands,582.0,127524.0
2010-02-28,West Midlands,582.0,127346.0
2010-03-31,West Midlands,582.0,126759.0
2010-04-30,West Midlands,581.0,128064.0
2010-05-31,West Midlands,581.0,128661.0
2010-06-30,West Midlands,582.0,129596.0
2010-07-31,West Midlands,582.0,130320.0
2010-08-31,West Midlands,583.0,131116.0
2010-09-30,West Midlands,583.0,131281.0
2010-10-31,West Midlands,584.0,130453.0
2010-11-30,West Midlands,584.0,129732.0
2010-12-31,West Midlands,585.0,128574.0
2011-01-31,West Midlands,586.0,127333.0
2011-02-28,West Midlands,586.0,125930.0
2011-03-31,West Midlands,587.0,124312.0
2011-04-30,West Midlands,587.0,124349.0
2011-05-31,West Midlands,587.0,124491.0
2011-06-30,West Midlands,588.0,125217.0
2011-07-31,West Midlands,589.0,125441.0
2011-08-31,West Midlands,590.0,125914.0
2011-09-30,West Midlands,591.0,126087.0
2011-10-31,West Midlands,591.0,125119.0
2011-11-30,West Midlands,592.0,125054.0
2011-12-31,West Midlands,593.0,124518.0
2012-01-31,West Midlands,594.0,124765.0
2012-02-29,West Midlands,594.0,124068.0
2012-03-31,West Midlands,594.0,124352.0
2012-04-30,West Midlands,594.0,124592.0
2012-05-31,West Midlands,595.0,124611.0
2012-06-30,West Midlands,595.0,125441.0
2012-07-31,West Midlands,596.0,125980.0
2012-08-31,West Midlands,596.0,126814.0
2012-09-30,West Midlands,597.0,126616.0
2012-10-31,West Midlands,599.0,126446.0
2012-11-30,West Midlands,599.0,126136.0
2012-12-31,West Midlands,600.0,126211.0
2013-01-31,West Midlands,601.0,125901.0
2013-02-28,West Midlands,602.0,125925.0
2013-03-31,West Midlands,601.0,125522.0
2013-04-30,West Midlands,602.0,125823.0
2013-05-31,West Midlands,602.0,126106.0
2013-06-30,West Midlands,602.0,126956.0
2013-07-31,West Midlands,603.0,128253.0
2013-08-31,West Midlands,602.0,129455.0
2013-09-30,West Midlands,602.0,129647.0
2013-10-31,West Midlands,603.0,130231.0
2013-11-30,West Midlands,603.0,130476.0
2013-12-31,West Midlands,606.0,131046.0
2014-01-31,West Midlands,607.0,131217.0
2014-02-28,West Midlands,608.0,130825.0
2014-03-31,West Midlands,608.0,131168.0
2014-04-30,West Midlands,609.0,131969.0
2014-05-31,West Midlands,609.0,133235.0
2014-06-30,West Midlands,609.0,134533.0
2014-07-31,West Midlands,610.0,135153.0
2014-08-31,West Midlands,610.0,136900.0
2014-09-30,West Midlands,610.0,137474.0
2014-10-31,West Midlands,611.0,138384.0
2014-11-30,West Midlands,613.0,138237.0
2014-12-31,West Midlands,614.0,138583.0
2015-01-31,West Midlands,615.0,137916.0
2015-02-28,West Midlands,617.0,137888.0
2015-03-31,West Midlands,619.0,137527.0
2015-04-30,West Midlands,620.0,138329.0
2015-05-31,West Midlands,622.0,138803.0
2015-06-30,West Midlands,623.0,140121.0
2015-07-31,West Midlands,624.0,141409.0
2015-08-31,West Midlands,625.0,143222.0
2015-09-30,West Midlands,627.0,144595.0
2015-10-31,West Midlands,628.0,145094.0
2015-11-30,West Midlands,629.0,145608.0
2015-12-31,West Midlands,633.0,146015.0
2016-01-31,West Midlands,634.0,146612.0
2016-02-29,West Midlands,636.0,146486.0
2016-03-31,West Midlands,638.0,146575.0
2016-04-30,West Midlands,639.0,148291.0
2016-05-31,West Midlands,640.0,150491.0
2016-06-30,West Midlands,641.0,153265.0
2016-07-31,West Midlands,642.0,154637.0
2016-08-31,West Midlands,645.0,155878.0
2016-09-30,West Midlands,647.0,156425.0
2016-10-31,West Midlands,650.0,155872.0
2016-11-30,West Midlands,651.0,155806.0
2016-12-31,West Midlands,653.0,156416.0
2017-01-31,West Midlands,654.0,157285.0
2017-02-28,West Midlands,654.0,157750.0
2017-03-31,West Midlands,655.0,157178.0
2017-04-30,West Midlands,657.0,157897.0
2017-05-31,West Midlands,658.0,159154.0
2017-06-30,West Midlands,661.0,161503.0
2017-07-31,West Midlands,664.0,164094.0
2017-08-31,West Midlands,666.0,166279.0
2017-09-30,West Midlands,667.0,167464.0
2017-10-31,West Midlands,667.0,167619.0
2017-11-30,West Midlands,668.0,167113.0
2017-12-31,West Midlands,669.0,167747.0
2018-01-31,West Midlands,670.0,167696.0
2018-02-28,West Midlands,672.0,168618.0
2018-03-31,West Midlands,673.0,168120.0
2018-04-30,West Midlands,675.0,169472.0
2018-05-31,West Midlands,676.0,170003.0
2018-06-30,West Midlands,676.0,171756.0
2018-07-31,West Midlands,678.0,173488.0
2018-08-31,West Midlands,678.0,174413.0
2018-09-30,West Midlands,680.0,175765.0
2018-10-31,West Midlands,683.0,175916.0
2018-11-30,West Midlands,684.0,176447.0
2018-12-31,West Midlands,685.0,176836.0
2019-01-31,West Midlands,686.0,176255.0
2019-02-28,West Midlands,687.0,176856.0
2019-03-31,West Midlands,687.0,175327.0
2019-04-30,West Midlands,688.0,175571.0
2019-05-31,West Midlands,689.0,175469.0
2019-06-30,West Midlands,688.0,176245.0
2019-07-31,West Midlands,689.0,176786.0
2019-08-31,West Midlands,691.0,177976.0
2019-09-30,West Midlands,694.0,179414.0
2019-10-31,West Midlands,697.0,179733.0
2019-11-30,West Midlands,697.0,179280.0
2019-12-31,West Midlands,698.0,178488.0
2020-01-31,West Midlands,699.0,179060.0
2020-02-29,West Midlands,700.0,178387.0
2020-03-31,West Midlands,701.0,177824.0
2020-04-30,West Midlands,701.0,175618.0
2020-05-31,West Midlands,704.0,177295.0
2020-06-30,West Midlands,705.0,178914.0
2020-07-31,West Midlands,706.0,182208.0
2020-08-31,West Midlands,709.0,182927.0
2020-09-30,West Midlands,710.0,183383.0
2020-10-31,West Midlands,712.0,184362.0
2020-11-30,West Midlands,711.0,185557.0
2020-12-31,West Midlands,709.0,188245.0
2021-01-31,West Midlands,713.0,190535.0
2021-02-28,West Midlands,713.0,193382.0
2021-03-31,West Midlands,716.0,196264.0
2021-04-30,West Midlands,720.0,197014.0
2021-05-31,West Midlands,724.0,197138.0
2021-06-30,West Midlands,726.0,200619.0
2021-07-31,West Midlands,730.0,201938.0
2021-08-31,West Midlands,732.0,203377.0
2021-09-30,West Midlands,734.0,202377.0
2021-10-31,West Midlands,735.0,202478.0
2021-11-30,West Midlands,738.0,203538.0
2021-12-31,West Midlands,742.0,203516.0
2022-01-31,West Midlands,745.0,206378.0
2022-02-28,West Midlands,749.0,209279.0
2022-03-31,West Midlands,746.0,212020.0
2022-04-30,West Midlands,749.0,213974.0
2022-05-31,West Midlands,751.0,215007.0
2022-06-30,West Midlands,757.0,216278.0
2022-07-31,West Midlands,760.0,219733.0
2022-08-31,West Midlands,763.0,222773.0
2022-09-30,West Midlands,765.0,225571.0
2022-10-31,West Midlands,768.0,227492.0
2022-11-30,West Midlands,771.0,228025.0
2022-12-31,West Midlands,775.0,228359.0
2023-01-31,West Midlands,778.0,226214.0
2023-02-28,West Midlands,781.0,226369.0
2023-03-31,West Midlands,787.0,222980.0
2023-04-30,West Midlands,794.0,220914.0
2023-05-31,West Midlands,803.0,219253.0
2023-06-30,West Midlands,808.0,219966.0
2023-07-31,West Midlands,811.0,222839.0
2023-08-31,West Midlands,817.0,223424.0
2023-09-30,West Midlands,823.0,225448.0
2023-10-31,West Midlands,829.0,224398.0
2023-11-30,West Midlands,833.0,224071.0
2023-12-31,West Midlands,837.0,222941.0
2024-01-31,West Midlands,848.0,221597.0
2024-02-29,West Midlands,853.0,220143.0
2024-03-31,West Midlands,860.0,218807.0
2024-04-30,West Midlands,862.0,218978.0
2024-05-31,West Midlands,868.0,220260.0
2024-06-30,West Midlands,876.0,222736.0
2024-07-31,West Midlands,884.0,225113.0
2024-08-31,West Midlands,892.0,227012.0
2024-09-30,West Midlands,896.0,228399.0
2024-10-31,West Midlands,901.0,229219.0
2024-11-30,West Midlands,905.0,230251.0
2024-12-31,West Midlands,910.0,229717.0
2025-01-31,West Midlands,912.0,229440.0
2025-02-28,West Midlands,917.0,229118.0
2025-03-31,West Midlands,920.0,230929.0
2025-04-30,West Midlands,923.0,230091.0
2025-05-31,West Midlands,927.0,228912.0
2025-06-30,West Midlands,931.0,227070.0
2025-07-31,West Midlands,932.0,229293.0
2025-08-31,West Midlands,935.0,231326.0
2025-09-30,West Midlands,942.0,232775.0
2025-10-31,West Midlands,948.0,232900.0
2025-11-30,West Midlands,955.0,233423.0
2025-12-31,West Midlands,957.0,232770.0
2026-01-31,West Midlands,962.0,232151.0
2026-02-28,West Midlands,962.0,232323.0
2026-03-31,West Midlands,964.0,232696.0
2026-04-30,West Midlands,964.0,234635.0
2005-01-31,East of England,683.0,173457.0
2005-02-28,East of England,684.0,171709.0
2005-03-31,East of England,684.0,171895.0
2005-04-30,East of England,686.0,172440.0
2005-05-31,East of England,688.0,175216.0
2005-06-30,East of England,691.0,176173.0
2005-07-31,East of England,696.0,177374.0
2005-08-31,East of England,698.0,177064.0
2005-09-30,East of England,700.0,177457.0
2005-10-31,East of England,702.0,176487.0
2005-11-30,East of England,703.0,176303.0
2005-12-31,East of England,706.0,177602.0
2006-01-31,East of England,708.0,177088.0
2006-02-28,East of England,709.0,177314.0
2006-03-31,East of England,711.0,178701.0
2006-04-30,East of England,712.0,181493.0
2006-05-31,East of England,713.0,183080.0
2006-06-30,East of England,715.0,183356.0
2006-07-31,East of England,716.0,187016.0
2006-08-31,East of England,717.0,188674.0
2006-09-30,East of England,720.0,188742.0
2006-10-31,East of England,720.0,190015.0
2006-11-30,East of England,721.0,190676.0
2006-12-31,East of England,722.0,192829.0
2007-01-31,East of England,723.0,192919.0
2007-02-28,East of England,724.0,193326.0
2007-03-31,East of England,728.0,194938.0
2007-04-30,East of England,730.0,197352.0
2007-05-31,East of England,730.0,199249.0
2007-06-30,East of England,730.0,202727.0
2007-07-31,East of England,732.0,204615.0
2007-08-31,East of England,733.0,206015.0
2007-09-30,East of England,735.0,206877.0
2007-10-31,East of England,738.0,206703.0
2007-11-30,East of England,740.0,207394.0
2007-12-31,East of England,741.0,207181.0
2008-01-31,East of England,744.0,205481.0
2008-02-29,East of England,745.0,203657.0
2008-03-31,East of England,746.0,201237.0
2008-04-30,East of England,748.0,199998.0
2008-05-31,East of England,749.0,201866.0
2008-06-30,East of England,751.0,198801.0
2008-07-31,East of England,753.0,198177.0
2008-08-31,East of England,755.0,191127.0
2008-09-30,East of England,756.0,186404.0
2008-10-31,East of England,757.0,181730.0
2008-11-30,East of England,758.0,176595.0
2008-12-31,East of England,759.0,174953.0
2009-01-31,East of England,761.0,173660.0
2009-02-28,East of England,762.0,169793.0
2009-03-31,East of England,762.0,166473.0
2009-04-30,East of England,762.0,169102.0
2009-05-31,East of England,761.0,172064.0
2009-06-30,East of England,760.0,171951.0
2009-07-31,East of England,760.0,176546.0
2009-08-31,East of England,759.0,178649.0
2009-09-30,East of England,758.0,180764.0
2009-10-31,East of England,756.0,181000.0
2009-11-30,East of England,755.0,182568.0
2009-12-31,East of England,753.0,183414.0
2010-01-31,East of England,748.0,185910.0
2010-02-28,East of England,748.0,186038.0
2010-03-31,East of England,747.0,186186.0
2010-04-30,East of England,747.0,189108.0
2010-05-31,East of England,746.0,189953.0
2010-06-30,East of England,747.0,189548.0
2010-07-31,East of England,748.0,192765.0
2010-08-31,East of England,748.0,192039.0
2010-09-30,East of England,749.0,192988.0
2010-10-31,East of England,750.0,189904.0
2010-11-30,East of England,751.0,189238.0
2010-12-31,East of England,753.0,188378.0
2011-01-31,East of England,754.0,187409.0
2011-02-28,East of England,757.0,185272.0
2011-03-31,East of England,757.0,186529.0
2011-04-30,East of England,758.0,187388.0
2011-05-31,East of England,759.0,187664.0
2011-06-30,East of England,760.0,187093.0
2011-07-31,East of England,761.0,189751.0
2011-08-31,East of England,762.0,190567.0
2011-09-30,East of England,763.0,188774.0
2011-10-31,East of England,764.0,188720.0
2011-11-30,East of England,765.0,189577.0
2011-12-31,East of England,767.0,188765.0
2012-01-31,East of England,767.0,189852.0
2012-02-29,East of England,769.0,188281.0
2012-03-31,East of England,770.0,187072.0
2012-04-30,East of England,771.0,190794.0
2012-05-31,East of England,773.0,191630.0
2012-06-30,East of England,773.0,191456.0
2012-07-31,East of England,775.0,194079.0
2012-08-31,East of England,776.0,194117.0
2012-09-30,East of England,776.0,192957.0
2012-10-31,East of England,776.0,193648.0
2012-11-30,East of England,778.0,192932.0
2012-12-31,East of England,778.0,191994.0
2013-01-31,East of England,780.0,192142.0
2013-02-28,East of England,780.0,190370.0
2013-03-31,East of England,781.0,194147.0
2013-04-30,East of England,781.0,194595.0
2013-05-31,East of England,780.0,193843.0
2013-06-30,East of England,781.0,196002.0
2013-07-31,East of England,782.0,199137.0
2013-08-31,East of England,782.0,200041.0
2013-09-30,East of England,783.0,199877.0
2013-10-31,East of England,783.0,201547.0
2013-11-30,East of England,784.0,200471.0
2013-12-31,East of England,785.0,205065.0
2014-01-31,East of England,786.0,203602.0
2014-02-28,East of England,787.0,205151.0
2014-03-31,East of England,788.0,206108.0
2014-04-30,East of England,788.0,210280.0
2014-05-31,East of England,788.0,213895.0
2014-06-30,East of England,789.0,215704.0
2014-07-31,East of England,790.0,219457.0
2014-08-31,East of England,791.0,221782.0
2014-09-30,East of England,792.0,223836.0
2014-10-31,East of England,793.0,224885.0
2014-11-30,East of England,795.0,223944.0
2014-12-31,East of England,798.0,224758.0
2015-01-31,East of England,800.0,225847.0
2015-02-28,East of England,805.0,226943.0
2015-03-31,East of England,808.0,227055.0
2015-04-30,East of England,811.0,229445.0
2015-05-31,East of England,814.0,232551.0
2015-06-30,East of England,817.0,233631.0
2015-07-31,East of England,820.0,239245.0
2015-08-31,East of England,824.0,241945.0
2015-09-30,East of England,827.0,244652.0
2015-10-31,East of England,832.0,245823.0
2015-11-30,East of England,835.0,249124.0
2015-12-31,East of England,839.0,250225.0
2016-01-31,East of England,842.0,252519.0
2016-02-29,East of England,846.0,252732.0
2016-03-31,East of England,851.0,256923.0
2016-04-30,East of England,855.0,256970.0
2016-05-31,East of England,858.0,261564.0
2016-06-30,East of England,862.0,264489.0
2016-07-31,East of England,865.0,267798.0
2016-08-31,East of England,869.0,268266.0
2016-09-30,East of England,873.0,270191.0
2016-10-31,East of England,877.0,269689.0
2016-11-30,East of England,880.0,270473.0
2016-12-31,East of England,882.0,273009.0
2017-01-31,East of England,887.0,272123.0
2017-02-28,East of England,889.0,274329.0
2017-03-31,East of England,892.0,272504.0
2017-04-30,East of England,895.0,276523.0
2017-05-31,East of England,896.0,279053.0
2017-06-30,East of England,898.0,280366.0
2017-07-31,East of England,901.0,284682.0
2017-08-31,East of England,902.0,284475.0
2017-09-30,East of England,905.0,285274.0
2017-10-31,East of England,907.0,285404.0
2017-11-30,East of England,908.0,284088.0
2017-12-31,East of England,910.0,285947.0
2018-01-31,East of England,911.0,285873.0
2018-02-28,East of England,913.0,285219.0
2018-03-31,East of England,914.0,283450.0
2018-04-30,East of England,916.0,284595.0
2018-05-31,East of England,916.0,285156.0
2018-06-30,East of England,917.0,286389.0
2018-07-31,East of England,918.0,290809.0
2018-08-31,East of England,920.0,290907.0
2018-09-30,East of England,922.0,289461.0
2018-10-31,East of England,923.0,289927.0
2018-11-30,East of England,925.0,290306.0
2018-12-31,East of England,925.0,287775.0
2019-01-31,East of England,927.0,285588.0
2019-02-28,East of England,930.0,286748.0
2019-03-31,East of England,930.0,283751.0
2019-04-30,East of England,931.0,284922.0
2019-05-31,East of England,933.0,285640.0
2019-06-30,East of England,934.0,285274.0
2019-07-31,East of England,936.0,288264.0
2019-08-31,East of England,938.0,287428.0
2019-09-30,East of England,940.0,288709.0
2019-10-31,East of England,941.0,287808.0
2019-11-30,East of England,942.0,285806.0
2019-12-31,East of England,942.0,287478.0
2020-01-31,East of England,944.0,285803.0
2020-02-29,East of England,946.0,285943.0
2020-03-31,East of England,946.0,285012.0
2020-04-30,East of England,946.0,287501.0
2020-05-31,East of England,947.0,287030.0
2020-06-30,East of England,947.0,288667.0
2020-07-31,East of England,946.0,289067.0
2020-08-31,East of England,948.0,292992.0
2020-09-30,East of England,949.0,296829.0
2020-10-31,East of England,951.0,295661.0
2020-11-30,East of England,951.0,296868.0
2020-12-31,East of England,954.0,300749.0
2021-01-31,East of England,957.0,298036.0
2021-02-28,East of England,964.0,299321.0
2021-03-31,East of England,967.0,301495.0
2021-04-30,East of England,970.0,298764.0
2021-05-31,East of England,973.0,299192.0
2021-06-30,East of England,977.0,312775.0
2021-07-31,East of England,980.0,299492.0
2021-08-31,East of England,984.0,309904.0
2021-09-30,East of England,987.0,316815.0
2021-10-31,East of England,992.0,312253.0
2021-11-30,East of England,996.0,319183.0
2021-12-31,East of England,1000.0,319855.0
2022-01-31,East of England,1004.0,322537.0
2022-02-28,East of England,1007.0,326141.0
2022-03-31,East of England,1011.0,325283.0
2022-04-30,East of England,1014.0,328825.0
2022-05-31,East of England,1018.0,332450.0
2022-06-30,East of England,1022.0,335070.0
2022-07-31,East of England,1026.0,340723.0
2022-08-31,East of England,1028.0,344145.0
2022-09-30,East of England,1031.0,344762.0
2022-10-31,East of England,1034.0,344144.0
2022-11-30,East of England,1038.0,345454.0
2022-12-31,East of England,1043.0,342442.0
2023-01-31,East of England,1048.0,340655.0
2023-02-28,East of England,1052.0,340888.0
2023-03-31,East of England,1058.0,335589.0
2023-04-30,East of England,1062.0,331572.0
2023-05-31,East of England,1067.0,330394.0
2023-06-30,East of England,1072.0,332033.0
2023-07-31,East of England,1079.0,336474.0
2023-08-31,East of England,1085.0,335770.0
2023-09-30,East of England,1091.0,334941.0
2023-10-31,East of England,1098.0,331860.0
2023-11-30,East of England,1104.0,329462.0
2023-12-31,East of England,1110.0,326075.0
2024-01-31,East of England,1116.0,328802.0
2024-02-29,East of England,1126.0,324976.0
2024-03-31,East of England,1130.0,322950.0
2024-04-30,East of England,1136.0,325736.0
2024-05-31,East of England,1142.0,326196.0
2024-06-30,East of England,1149.0,325834.0
2024-07-31,East of England,1158.0,330577.0
2024-08-31,East of England,1167.0,332456.0
2024-09-30,East of England,1177.0,333803.0
2024-10-31,East of England,1185.0,333824.0
2024-11-30,East of England,1196.0,332235.0
2024-12-31,East of England,1203.0,332966.0
2025-01-31,East of England,1209.0,332546.0
2025-02-28,East of England,1217.0,331922.0
2025-03-31,East of England,1223.0,336733.0
2025-04-30,East of England,1228.0,323863.0
2025-05-31,East of England,1236.0,330410.0
2025-06-30,East of England,1240.0,335072.0
2025-07-31,East of England,1239.0,336155.0
2025-08-31,East of England,1245.0,338842.0
2025-09-30,East of England,1251.0,338776.0
2025-10-31,East of England,1255.0,341277.0
2025-11-30,East of England,1261.0,339562.0
2025-12-31,East of England,1266.0,337154.0
2026-01-31,East of England,1268.0,334542.0
2026-02-28,East of England,1269.0,337609.0
2026-03-31,East of England,1274.0,335131.0
2026-04-30,East of England,1278.0,336300.0
2005-01-31,London,1193.0,248820.0
2005-02-28,London,1192.0,247642.0
2005-03-31,London,1193.0,247580.0
2005-04-30,London,1194.0,251973.0
2005-05-31,London,1194.0,252313.0
2005-06-30,London,1194.0,252542.0
2005-07-31,London,1196.0,254654.0
2005-08-31,London,1200.0,254761.0
2005-09-30,London,1203.0,253631.0
2005-10-31,London,1204.0,250828.0
2005-11-30,London,1206.0,253251.0
2005-12-31,London,1208.0,255195.0
2006-01-31,London,1214.0,256767.0
2006-02-28,London,1216.0,255985.0
2006-03-31,London,1217.0,258410.0
2006-04-30,London,1220.0,262793.0
2006-05-31,London,1223.0,265059.0
2006-06-30,London,1225.0,269156.0
2006-07-31,London,1229.0,271795.0
2006-08-31,London,1230.0,274815.0
2006-09-30,London,1231.0,275712.0
2006-10-31,London,1232.0,277396.0
2006-11-30,London,1234.0,277074.0
2006-12-31,London,1236.0,283155.0
2007-01-31,London,1239.0,286542.0
2007-02-28,London,1242.0,289884.0
2007-03-31,London,1245.0,292774.0
2007-04-30,London,1251.0,298476.0
2007-05-31,London,1253.0,302673.0
2007-06-30,London,1258.0,306133.0
2007-07-31,London,1263.0,316556.0
2007-08-31,London,1268.0,318654.0
2007-09-30,London,1274.0,319468.0
2007-10-31,London,1278.0,319623.0
2007-11-30,London,1282.0,318648.0
2007-12-31,London,1290.0,319019.0
2008-01-31,London,1299.0,319663.0
2008-02-29,London,1301.0,316563.0
2008-03-31,London,1305.0,314319.0
2008-04-30,London,1308.0,315113.0
2008-05-31,London,1312.0,315988.0
2008-06-30,London,1317.0,310568.0
2008-07-31,London,1320.0,310740.0
2008-08-31,London,1323.0,301598.0
2008-09-30,London,1327.0,295994.0
2008-10-31,London,1334.0,285837.0
2008-11-30,London,1341.0,276896.0
2008-12-31,London,1346.0,271793.0
2009-01-31,London,1351.0,270949.0
2009-02-28,London,1354.0,267474.0
2009-03-31,London,1353.0,264709.0
2009-04-30,London,1355.0,262661.0
2009-05-31,London,1355.0,267629.0
2009-06-30,London,1354.0,271488.0
2009-07-31,London,1351.0,278122.0
2009-08-31,London,1349.0,280566.0
2009-09-30,London,1348.0,286374.0
2009-10-31,London,1344.0,287743.0
2009-11-30,London,1342.0,285663.0
2009-12-31,London,1339.0,289176.0
2010-01-31,London,1337.0,299459.0
2010-02-28,London,1336.0,298420.0
2010-03-31,London,1335.0,300260.0
2010-04-30,London,1334.0,301876.0
2010-05-31,London,1335.0,301641.0
2010-06-30,London,1335.0,304616.0
2010-07-31,London,1337.0,313428.0
2010-08-31,London,1340.0,311152.0
2010-09-30,London,1343.0,310560.0
2010-10-31,London,1347.0,306318.0
2010-11-30,London,1351.0,302206.0
2010-12-31,London,1356.0,305486.0
2011-01-31,London,1364.0,308301.0
2011-02-28,London,1367.0,305350.0
2011-03-31,London,1371.0,307347.0
2011-04-30,London,1376.0,314735.0
2011-05-31,London,1380.0,304810.0
2011-06-30,London,1385.0,306078.0
2011-07-31,London,1390.0,316716.0
2011-08-31,London,1396.0,315709.0
2011-09-30,London,1403.0,316197.0
2011-10-31,London,1408.0,312887.0
2011-11-30,London,1414.0,311570.0
2011-12-31,London,1422.0,312906.0
2012-01-31,London,1430.0,315128.0
2012-02-29,London,1434.0,313010.0
2012-03-31,London,1438.0,310866.0
2012-04-30,London,1447.0,320165.0
2012-05-31,London,1452.0,325535.0
2012-06-30,London,1458.0,328471.0
2012-07-31,London,1463.0,330760.0
2012-08-31,London,1468.0,331918.0
2012-09-30,London,1477.0,330232.0
2012-10-31,London,1482.0,332172.0
2012-11-30,London,1485.0,330308.0
2012-12-31,London,1491.0,335880.0
2013-01-31,London,1495.0,333332.0
2013-02-28,London,1499.0,335672.0
2013-03-31,London,1502.0,334322.0
2013-04-30,London,1507.0,343563.0
2013-05-31,London,1513.0,345065.0
2013-06-30,London,1517.0,347414.0
2013-07-31,London,1521.0,356482.0
2013-08-31,London,1527.0,359430.0
2013-09-30,London,1528.0,364517.0
2013-10-31,London,1530.0,364036.0
2013-11-30,London,1535.0,368002.0
2013-12-31,London,1535.0,376865.0
2014-01-31,London,1537.0,380935.0
2014-02-28,London,1537.0,383125.0
2014-03-31,London,1540.0,386898.0
2014-04-30,London,1543.0,401818.0
2014-05-31,London,1547.0,409706.0
2014-06-30,London,1549.0,414499.0
2014-07-31,London,1553.0,426870.0
2014-08-31,London,1555.0,433311.0
2014-09-30,London,1558.0,432150.0
2014-10-31,London,1563.0,430684.0
2014-11-30,London,1567.0,429081.0
2014-12-31,London,1572.0,431324.0
2015-01-31,London,1580.0,431270.0
2015-02-28,London,1583.0,433331.0
2015-03-31,London,1590.0,433259.0
2015-04-30,London,1602.0,439403.0
2015-05-31,London,1616.0,445154.0
2015-06-30,London,1620.0,449070.0
2015-07-31,London,1624.0,462097.0
2015-08-31,London,1634.0,466924.0
2015-09-30,London,1643.0,470754.0
2015-10-31,London,1644.0,471562.0
2015-11-30,London,1644.0,476915.0
2015-12-31,London,1648.0,481806.0
2016-01-31,London,1654.0,489741.0
2016-02-29,London,1655.0,490055.0
2016-03-31,London,1664.0,497430.0
2016-04-30,London,1666.0,493598.0
2016-05-31,London,1674.0,500467.0
2016-06-30,London,1679.0,501147.0
2016-07-31,London,1687.0,509080.0
2016-08-31,London,1691.0,505256.0
2016-09-30,London,1695.0,505052.0
2016-10-31,London,1696.0,504240.0
2016-11-30,London,1700.0,504074.0
2016-12-31,London,1702.0,505701.0
2017-01-31,London,1705.0,509175.0
2017-02-28,London,1702.0,510351.0
2017-03-31,London,1704.0,508986.0
2017-04-30,London,1706.0,513641.0
2017-05-31,London,1701.0,514831.0
2017-06-30,London,1705.0,514028.0
2017-07-31,London,1711.0,522994.0
2017-08-31,London,1706.0,521450.0
2017-09-30,London,1698.0,517969.0
2017-10-31,London,1700.0,515752.0
2017-11-30,London,1699.0,509894.0
2017-12-31,London,1697.0,510491.0
2018-01-31,London,1689.0,513622.0
2018-02-28,London,1694.0,511574.0
2018-03-31,London,1683.0,505683.0
2018-04-30,London,1678.0,510925.0
2018-05-31,London,1675.0,512244.0
2018-06-30,London,1676.0,513792.0
2018-07-31,London,1680.0,518923.0
2018-08-31,London,1683.0,513384.0
2018-09-30,London,1681.0,510167.0
2018-10-31,London,1686.0,513927.0
2018-11-30,London,1691.0,507814.0
2018-12-31,London,1696.0,506642.0
2019-01-31,London,1695.0,503232.0
2019-02-28,London,1701.0,498951.0
2019-03-31,London,1700.0,496910.0
2019-04-30,London,1698.0,502664.0
2019-05-31,London,1714.0,496339.0
2019-06-30,London,1712.0,503716.0
2019-07-31,London,1712.0,512265.0
2019-08-31,London,1716.0,506081.0
2019-09-30,London,1723.0,510810.0
2019-10-31,London,1728.0,506016.0
2019-11-30,London,1733.0,501829.0
2019-12-31,London,1737.0,512959.0
2020-01-31,London,1738.0,509527.0
2020-02-29,London,1744.0,507956.0
2020-03-31,London,1748.0,516654.0
2020-04-30,London,1741.0,509754.0
2020-05-31,London,1742.0,506613.0
2020-06-30,London,1741.0,513833.0
2020-07-31,London,1745.0,517966.0
2020-08-31,London,1744.0,523954.0
2020-09-30,London,1745.0,528003.0
2020-10-31,London,1745.0,520515.0
2020-11-30,London,1742.0,529444.0
2020-12-31,London,1737.0,529060.0
2021-01-31,London,1735.0,529101.0
2021-02-28,London,1735.0,525153.0
2021-03-31,London,1731.0,534311.0
2021-04-30,London,1721.0,523423.0
2021-05-31,London,1712.0,522672.0
2021-06-30,London,1713.0,538199.0
2021-07-31,London,1706.0,529788.0
2021-08-31,London,1706.0,545831.0
2021-09-30,London,1709.0,541876.0
2021-10-31,London,1713.0,539606.0
2021-11-30,London,1716.0,547647.0
2021-12-31,London,1724.0,547837.0
2022-01-31,London,1728.0,550635.0
2022-02-28,London,1735.0,551066.0
2022-03-31,London,1739.0,550480.0
2022-04-30,London,1746.0,554765.0
2022-05-31,London,1750.0,554380.0
2022-06-30,London,1754.0,572418.0
2022-07-31,London,1763.0,575261.0
2022-08-31,London,1773.0,581320.0
2022-09-30,London,1785.0,579330.0
2022-10-31,London,1791.0,573946.0
2022-11-30,London,1806.0,575480.0
2022-12-31,London,1818.0,572384.0
2023-01-31,London,1830.0,570869.0
2023-02-28,London,1841.0,563875.0
2023-03-31,London,1850.0,555361.0
2023-04-30,London,1870.0,557147.0
2023-05-31,London,1896.0,554900.0
2023-06-30,London,1915.0,556107.0
2023-07-31,London,1930.0,559703.0
2023-08-31,London,1945.0,560630.0
2023-09-30,London,1957.0,565702.0
2023-10-31,London,1971.0,555122.0
2023-11-30,London,1982.0,547757.0
2023-12-31,London,1994.0,549112.0
2024-01-31,London,2009.0,551097.0
2024-02-29,London,2034.0,546247.0
2024-03-31,London,2056.0,547437.0
2024-04-30,London,2071.0,548467.0
2024-05-31,London,2088.0,553592.0
2024-06-30,London,2100.0,556853.0
2024-07-31,London,2116.0,557831.0
2024-08-31,London,2130.0,567121.0
2024-09-30,London,2147.0,566882.0
2024-10-31,London,2172.0,560909.0
2024-11-30,London,2209.0,559925.0
2024-12-31,London,2221.0,556882.0
2025-01-31,London,2229.0,563861.0
2025-02-28,London,2235.0,561072.0
2025-03-31,London,2243.0,553812.0
2025-04-30,London,2246.0,564530.0
2025-05-31,London,2249.0,564719.0
2025-06-30,London,2252.0,566934.0
2025-07-31,London,2250.0,568801.0
2025-08-31,London,2253.0,565321.0
2025-09-30,London,2260.0,562880.0
2025-10-31,London,2265.0,553684.0
2025-11-30,London,2271.0,557252.0
2025-12-31,London,2268.0,547969.0
2026-01-31,London,2253.0,551438.0
2026-02-28,London,2273.0,542175.0
2026-03-31,London,2280.0,542378.0
2026-04-30,London,2290.0,552655.0
2005-01-31,South East,773.0,197095.0
2005-02-28,South East,773.0,197964.0
2005-03-31,South East,774.0,197976.0
2005-04-30,South East,775.0,199492.0
2005-05-31,South East,778.0,200349.0
2005-06-30,South East,778.0,200722.0
2005-07-31,South East,780.0,201847.0
2005-08-31,South East,781.0,202466.0
2005-09-30,South East,783.0,202698.0
2005-10-31,South East,784.0,200825.0
2005-11-30,South East,785.0,202090.0
2005-12-31,South East,788.0,202298.0
2006-01-31,South East,790.0,202770.0
2006-02-28,South East,790.0,203401.0
2006-03-31,South East,792.0,204255.0
2006-04-30,South East,794.0,206834.0
2006-05-31,South East,796.0,210031.0
2006-06-30,South East,797.0,211136.0
2006-07-31,South East,798.0,213316.0
2006-08-31,South East,799.0,214624.0
2006-09-30,South East,801.0,216474.0
2006-10-31,South East,802.0,216253.0
2006-11-30,South East,803.0,218140.0
2006-12-31,South East,804.0,221044.0
2007-01-31,South East,808.0,222209.0
2007-02-28,South East,809.0,221538.0
2007-03-31,South East,810.0,223253.0
2007-04-30,South East,812.0,227249.0
2007-05-31,South East,813.0,231796.0
2007-06-30,South East,813.0,233432.0
2007-07-31,South East,815.0,237575.0
2007-08-31,South East,817.0,237788.0
2007-09-30,South East,820.0,240100.0
2007-10-31,South East,822.0,240647.0
2007-11-30,South East,825.0,240470.0
2007-12-31,South East,827.0,238888.0
2008-01-31,South East,831.0,237074.0
2008-02-29,South East,833.0,233574.0
2008-03-31,South East,835.0,234248.0
2008-04-30,South East,837.0,232605.0
2008-05-31,South East,838.0,233826.0
2008-06-30,South East,841.0,230941.0
2008-07-31,South East,842.0,229526.0
2008-08-31,South East,845.0,222187.0
2008-09-30,South East,849.0,216790.0
2008-10-31,South East,851.0,210598.0
2008-11-30,South East,853.0,204620.0
2008-12-31,South East,856.0,201861.0
2009-01-31,South East,858.0,196036.0
2009-02-28,South East,859.0,193166.0
2009-03-31,South East,859.0,192598.0
2009-04-30,South East,859.0,194568.0
2009-05-31,South East,859.0,198240.0
2009-06-30,South East,860.0,200821.0
2009-07-31,South East,859.0,204085.0
2009-08-31,South East,859.0,208289.0
2009-09-30,South East,857.0,211006.0
2009-10-31,South East,855.0,212096.0
2009-11-30,South East,853.0,213753.0
2009-12-31,South East,848.0,213276.0
2010-01-31,South East,845.0,219580.0
2010-02-28,South East,841.0,218979.0
2010-03-31,South East,841.0,218300.0
2010-04-30,South East,842.0,219916.0
2010-05-31,South East,843.0,222097.0
2010-06-30,South East,844.0,223722.0
2010-07-31,South East,844.0,226247.0
2010-08-31,South East,846.0,225813.0
2010-09-30,South East,846.0,226281.0
2010-10-31,South East,848.0,222967.0
2010-11-30,South East,850.0,221473.0
2010-12-31,South East,852.0,220306.0
2011-01-31,South East,858.0,218315.0
2011-02-28,South East,859.0,218828.0
2011-03-31,South East,861.0,217406.0
2011-04-30,South East,863.0,219824.0
2011-05-31,South East,865.0,220226.0
2011-06-30,South East,866.0,220815.0
2011-07-31,South East,868.0,223680.0
2011-08-31,South East,869.0,222006.0
2011-09-30,South East,871.0,222908.0
2011-10-31,South East,872.0,219955.0
2011-11-30,South East,874.0,221389.0
2011-12-31,South East,877.0,221026.0
2012-01-31,South East,879.0,219302.0
2012-02-29,South East,881.0,220135.0
2012-03-31,South East,882.0,220747.0
2012-04-30,South East,884.0,224907.0
2012-05-31,South East,886.0,225195.0
2012-06-30,South East,888.0,226072.0
2012-07-31,South East,889.0,228480.0
2012-08-31,South East,890.0,229580.0
2012-09-30,South East,892.0,230180.0
2012-10-31,South East,894.0,226623.0
2012-11-30,South East,895.0,226257.0
2012-12-31,South East,897.0,227569.0
2013-01-31,South East,897.0,226909.0
2013-02-28,South East,898.0,225549.0
2013-03-31,South East,900.0,226994.0
2013-04-30,South East,901.0,229580.0
2013-05-31,South East,902.0,230065.0
2013-06-30,South East,902.0,232729.0
2013-07-31,South East,904.0,235515.0
2013-08-31,South East,905.0,236276.0
2013-09-30,South East,906.0,236916.0
2013-10-31,South East,908.0,237086.0
2013-11-30,South East,909.0,239013.0
2013-12-31,South East,910.0,240777.0
2014-01-31,South East,913.0,242778.0
2014-02-28,South East,914.0,243134.0
2014-03-31,South East,915.0,245206.0
2014-04-30,South East,916.0,248969.0
2014-05-31,South East,917.0,253291.0
2014-06-30,South East,918.0,255353.0
2014-07-31,South East,919.0,259645.0
2014-08-31,South East,921.0,263224.0
2014-09-30,South East,922.0,265157.0
2014-10-31,South East,923.0,265506.0
2014-11-30,South East,926.0,264953.0
2014-12-31,South East,929.0,266210.0
2015-01-31,South East,932.0,266846.0
2015-02-28,South East,932.0,266564.0
2015-03-31,South East,935.0,267089.0
2015-04-30,South East,938.0,270576.0
2015-05-31,South East,939.0,273192.0
2015-06-30,South East,942.0,277300.0
2015-07-31,South East,944.0,281987.0
2015-08-31,South East,947.0,285507.0
2015-09-30,South East,951.0,286519.0
2015-10-31,South East,953.0,288613.0
2015-11-30,South East,958.0,290685.0
2015-12-31,South East,961.0,293496.0
2016-01-31,South East,964.0,295893.0
2016-02-29,South East,968.0,297843.0
2016-03-31,South East,971.0,302466.0
2016-04-30,South East,977.0,299958.0
2016-05-31,South East,979.0,303474.0
2016-06-30,South East,983.0,307427.0
2016-07-31,South East,988.0,311400.0
2016-08-31,South East,992.0,312319.0
2016-09-30,South East,997.0,309748.0
2016-10-31,South East,1000.0,310316.0
2016-11-30,South East,1004.0,310189.0
2016-12-31,South East,1007.0,311517.0
2017-01-31,South East,1009.0,315255.0
2017-02-28,South East,1011.0,312371.0
2017-03-31,South East,1014.0,312789.0
2017-04-30,South East,1017.0,315949.0
2017-05-31,South East,1017.0,317693.0
2017-06-30,South East,1018.0,320765.0
2017-07-31,South East,1021.0,323510.0
2017-08-31,South East,1022.0,325527.0
2017-09-30,South East,1024.0,325029.0
2017-10-31,South East,1024.0,324496.0
2017-11-30,South East,1025.0,322627.0
2017-12-31,South East,1026.0,323152.0
2018-01-31,South East,1027.0,323399.0
2018-02-28,South East,1028.0,323799.0
2018-03-31,South East,1030.0,322289.0
2018-04-30,South East,1030.0,323777.0
2018-05-31,South East,1031.0,324252.0
2018-06-30,South East,1031.0,327114.0
2018-07-31,South East,1034.0,329558.0
2018-08-31,South East,1035.0,330535.0
2018-09-30,South East,1037.0,329521.0
2018-10-31,South East,1038.0,326923.0
2018-11-30,South East,1040.0,325704.0
2018-12-31,South East,1043.0,323540.0
2019-01-31,South East,1044.0,324657.0
2019-02-28,South East,1045.0,322509.0
2019-03-31,South East,1046.0,319521.0
2019-04-30,South East,1047.0,321318.0
2019-05-31,South East,1049.0,320650.0
2019-06-30,South East,1050.0,323255.0
2019-07-31,South East,1053.0,324982.0
2019-08-31,South East,1056.0,325154.0
2019-09-30,South East,1057.0,326204.0
2019-10-31,South East,1058.0,324716.0
2019-11-30,South East,1058.0,324631.0
2019-12-31,South East,1059.0,323702.0
2020-01-31,South East,1061.0,324130.0
2020-02-29,South East,1062.0,320582.0
2020-03-31,South East,1062.0,325604.0
2020-04-30,South East,1063.0,327607.0
2020-05-31,South East,1064.0,323236.0
2020-06-30,South East,1065.0,324453.0
2020-07-31,South East,1066.0,328205.0
2020-08-31,South East,1063.0,331902.0
2020-09-30,South East,1065.0,334430.0
2020-10-31,South East,1067.0,334997.0
2020-11-30,South East,1068.0,339278.0
2020-12-31,South East,1070.0,340233.0
2021-01-31,South East,1072.0,337566.0
2021-02-28,South East,1073.0,337619.0
2021-03-31,South East,1076.0,342322.0
2021-04-30,South East,1076.0,339163.0
2021-05-31,South East,1078.0,340283.0
2021-06-30,South East,1081.0,354769.0
2021-07-31,South East,1084.0,339769.0
2021-08-31,South East,1088.0,350795.0
2021-09-30,South East,1091.0,361613.0
2021-10-31,South East,1097.0,354140.0
2021-11-30,South East,1101.0,360386.0
2021-12-31,South East,1105.0,362713.0
2022-01-31,South East,1110.0,368184.0
2022-02-28,South East,1114.0,367655.0
2022-03-31,South East,1118.0,369755.0
2022-04-30,South East,1124.0,370658.0
2022-05-31,South East,1126.0,376100.0
2022-06-30,South East,1132.0,380603.0
2022-07-31,South East,1137.0,387054.0
2022-08-31,South East,1142.0,390701.0
2022-09-30,South East,1146.0,391553.0
2022-10-31,South East,1151.0,391862.0
2022-11-30,South East,1157.0,389960.0
2022-12-31,South East,1163.0,388158.0
2023-01-31,South East,1169.0,387727.0
2023-02-28,South East,1177.0,383401.0
2023-03-31,South East,1183.0,380362.0
2023-04-30,South East,1190.0,379543.0
2023-05-31,South East,1196.0,377989.0
2023-06-30,South East,1204.0,377848.0
2023-07-31,South East,1214.0,381968.0
2023-08-31,South East,1221.0,381601.0
2023-09-30,South East,1229.0,379338.0
2023-10-31,South East,1236.0,377965.0
2023-11-30,South East,1245.0,375344.0
2023-12-31,South East,1254.0,367572.0
2024-01-31,South East,1264.0,369326.0
2024-02-29,South East,1272.0,367789.0
2024-03-31,South East,1279.0,366875.0
2024-04-30,South East,1285.0,369214.0
2024-05-31,South East,1292.0,372808.0
2024-06-30,South East,1301.0,373083.0
2024-07-31,South East,1307.0,377066.0
2024-08-31,South East,1314.0,381897.0
2024-09-30,South East,1324.0,380519.0
2024-10-31,South East,1335.0,381155.0
2024-11-30,South East,1345.0,377413.0
2024-12-31,South East,1351.0,378958.0
2025-01-31,South East,1356.0,381267.0
2025-02-28,South East,1362.0,380137.0
2025-03-31,South East,1368.0,381452.0
2025-04-30,South East,1373.0,375519.0
2025-05-31,South East,1377.0,376044.0
2025-06-30,South East,1384.0,379190.0
2025-07-31,South East,1379.0,380669.0
2025-08-31,South East,1384.0,384746.0
2025-09-30,South East,1390.0,381496.0
2025-10-31,South East,1393.0,385133.0
2025-11-30,South East,1399.0,381561.0
2025-12-31,South East,1402.0,376823.0
2026-01-31,South East,1405.0,378178.0
2026-02-28,South East,1409.0,378125.0
2026-03-31,South East,1411.0,377815.0
2026-04-30,South East,1414.0,376819.0
2005-01-31,South West,645.0,169711.0
2005-02-28,South West,649.0,169886.0
2005-03-31,South West,650.0,170230.0
2005-04-30,South West,651.0,170941.0
2005-05-31,South West,654.0,171771.0
2005-06-30,South West,656.0,172333.0
2005-07-31,South West,657.0,174673.0
2005-08-31,South West,660.0,174072.0
2005-09-30,South West,662.0,174544.0
2005-10-31,South West,663.0,174580.0
2005-11-30,South West,665.0,174479.0
2005-12-31,South West,668.0,175463.0
2006-01-31,South West,669.0,174840.0
2006-02-28,South West,670.0,174072.0
2006-03-31,South West,671.0,177272.0
2006-04-30,South West,672.0,178748.0
2006-05-31,South West,672.0,180567.0
2006-06-30,South West,673.0,182781.0
2006-07-31,South West,674.0,184611.0
2006-08-31,South West,675.0,186791.0
2006-09-30,South West,677.0,187122.0
2006-10-31,South West,678.0,189077.0
2006-11-30,South West,680.0,190479.0
2006-12-31,South West,683.0,191663.0
2007-01-31,South West,684.0,190711.0
2007-02-28,South West,686.0,192027.0
2007-03-31,South West,688.0,194805.0
2007-04-30,South West,689.0,195621.0
2007-05-31,South West,691.0,198711.0
2007-06-30,South West,693.0,200185.0
2007-07-31,South West,695.0,202786.0
2007-08-31,South West,699.0,204036.0
2007-09-30,South West,700.0,205256.0
2007-10-31,South West,702.0,204266.0
2007-11-30,South West,705.0,204249.0
2007-12-31,South West,708.0,201864.0
2008-01-31,South West,712.0,200690.0
2008-02-29,South West,713.0,196630.0
2008-03-31,South West,714.0,195161.0
2008-04-30,South West,716.0,196078.0
2008-05-31,South West,717.0,196350.0
2008-06-30,South West,718.0,192614.0
2008-07-31,South West,720.0,191188.0
2008-08-31,South West,722.0,187519.0
2008-09-30,South West,725.0,184041.0
2008-10-31,South West,729.0,179934.0
2008-11-30,South West,729.0,173457.0
2008-12-31,South West,730.0,169172.0
2009-01-31,South West,731.0,167438.0
2009-02-28,South West,731.0,167215.0
2009-03-31,South West,730.0,165684.0
2009-04-30,South West,731.0,165385.0
2009-05-31,South West,732.0,168112.0
2009-06-30,South West,733.0,171781.0
2009-07-31,South West,731.0,173667.0
2009-08-31,South West,729.0,175509.0
2009-09-30,South West,729.0,178055.0
2009-10-31,South West,727.0,178549.0
2009-11-30,South West,727.0,179440.0
2009-12-31,South West,726.0,180306.0
2010-01-31,South West,725.0,181839.0
2010-02-28,South West,724.0,182535.0
2010-03-31,South West,723.0,181922.0
2010-04-30,South West,722.0,183875.0
2010-05-31,South West,722.0,185803.0
2010-06-30,South West,722.0,186550.0
2010-07-31,South West,723.0,187835.0
2010-08-31,South West,724.0,189327.0
2010-09-30,South West,726.0,188980.0
2010-10-31,South West,726.0,187399.0
2010-11-30,South West,728.0,185013.0
2010-12-31,South West,728.0,183123.0
2011-01-31,South West,729.0,182406.0
2011-02-28,South West,729.0,181130.0
2011-03-31,South West,731.0,181050.0
2011-04-30,South West,732.0,181691.0
2011-05-31,South West,732.0,180882.0
2011-06-30,South West,734.0,182891.0
2011-07-31,South West,734.0,184599.0
2011-08-31,South West,736.0,185275.0
2011-09-30,South West,738.0,182896.0
2011-10-31,South West,739.0,183152.0
2011-11-30,South West,741.0,182349.0
2011-12-31,South West,743.0,180895.0
2012-01-31,South West,743.0,183323.0
2012-02-29,South West,745.0,183044.0
2012-03-31,South West,745.0,181525.0
2012-04-30,South West,745.0,184271.0
2012-05-31,South West,746.0,183733.0
2012-06-30,South West,747.0,185129.0
2012-07-31,South West,748.0,186786.0
2012-08-31,South West,750.0,185340.0
2012-09-30,South West,752.0,184995.0
2012-10-31,South West,754.0,185136.0
2012-11-30,South West,754.0,184755.0
2012-12-31,South West,755.0,181353.0
2013-01-31,South West,756.0,183206.0
2013-02-28,South West,756.0,182642.0
2013-03-31,South West,756.0,183856.0
2013-04-30,South West,757.0,186599.0
2013-05-31,South West,758.0,186128.0
2013-06-30,South West,759.0,186532.0
2013-07-31,South West,760.0,188269.0
2013-08-31,South West,761.0,189653.0
2013-09-30,South West,762.0,191153.0
2013-10-31,South West,763.0,190381.0
2013-11-30,South West,765.0,190595.0
2013-12-31,South West,765.0,191692.0
2014-01-31,South West,766.0,191343.0
2014-02-28,South West,766.0,192051.0
2014-03-31,South West,767.0,193627.0
2014-04-30,South West,768.0,196976.0
2014-05-31,South West,768.0,196985.0
2014-06-30,South West,769.0,197646.0
2014-07-31,South West,771.0,201750.0
2014-08-31,South West,771.0,204353.0
2014-09-30,South West,772.0,205994.0
2014-10-31,South West,773.0,204759.0
2014-11-30,South West,775.0,203453.0
2014-12-31,South West,776.0,204203.0
2015-01-31,South West,778.0,205460.0
2015-02-28,South West,779.0,202730.0
2015-03-31,South West,781.0,204718.0
2015-04-30,South West,783.0,207065.0
2015-05-31,South West,785.0,207988.0
2015-06-30,South West,785.0,210000.0
2015-07-31,South West,787.0,212376.0
2015-08-31,South West,790.0,215432.0
2015-09-30,South West,792.0,216615.0
2015-10-31,South West,793.0,216413.0
2015-11-30,South West,796.0,218598.0
2015-12-31,South West,798.0,218950.0
2016-01-31,South West,799.0,218652.0
2016-02-29,South West,802.0,219595.0
2016-03-31,South West,805.0,225467.0
2016-04-30,South West,808.0,219704.0
2016-05-31,South West,811.0,223257.0
2016-06-30,South West,815.0,225556.0
2016-07-31,South West,818.0,227453.0
2016-08-31,South West,820.0,228579.0
2016-09-30,South West,822.0,228885.0
2016-10-31,South West,827.0,227406.0
2016-11-30,South West,831.0,228886.0
2016-12-31,South West,835.0,228054.0
2017-01-31,South West,836.0,230507.0
2017-02-28,South West,837.0,230810.0
2017-03-31,South West,839.0,229946.0
2017-04-30,South West,840.0,232109.0
2017-05-31,South West,841.0,234080.0
2017-06-30,South West,843.0,236500.0
2017-07-31,South West,846.0,240231.0
2017-08-31,South West,849.0,241705.0
2017-09-30,South West,851.0,240679.0
2017-10-31,South West,852.0,242236.0
2017-11-30,South West,854.0,240656.0
2017-12-31,South West,857.0,240621.0
2018-01-31,South West,857.0,243733.0
2018-02-28,South West,858.0,242054.0
2018-03-31,South West,858.0,241882.0
2018-04-30,South West,860.0,241533.0
2018-05-31,South West,861.0,242381.0
2018-06-30,South West,862.0,243801.0
2018-07-31,South West,863.0,247941.0
2018-08-31,South West,865.0,249459.0
2018-09-30,South West,866.0,249819.0
2018-10-31,South West,868.0,247946.0
2018-11-30,South West,870.0,247975.0
2018-12-31,South West,872.0,247636.0
2019-01-31,South West,872.0,245759.0
2019-02-28,South West,874.0,246349.0
2019-03-31,South West,875.0,244233.0
2019-04-30,South West,876.0,244108.0
2019-05-31,South West,879.0,243728.0
2019-06-30,South West,879.0,243886.0
2019-07-31,South West,880.0,249181.0
2019-08-31,South West,881.0,249320.0
2019-09-30,South West,884.0,249763.0
2019-10-31,South West,885.0,249635.0
2019-11-30,South West,888.0,247600.0
2019-12-31,South West,889.0,247416.0
2020-01-31,South West,892.0,248521.0
2020-02-29,South West,893.0,247281.0
2020-03-31,South West,894.0,250417.0
2020-04-30,South West,894.0,247576.0
2020-05-31,South West,896.0,247280.0
2020-06-30,South West,897.0,250343.0
2020-07-31,South West,899.0,254397.0
2020-08-31,South West,902.0,255918.0
2020-09-30,South West,904.0,260328.0
2020-10-31,South West,908.0,262275.0
2020-11-30,South West,911.0,263680.0
2020-12-31,South West,914.0,266843.0
2021-01-31,South West,913.0,263614.0
2021-02-28,South West,918.0,264702.0
2021-03-31,South West,924.0,268671.0
2021-04-30,South West,927.0,265562.0
2021-05-31,South West,929.0,262927.0
2021-06-30,South West,932.0,281947.0
2021-07-31,South West,936.0,258746.0
2021-08-31,South West,941.0,272401.0
2021-09-30,South West,945.0,283935.0
2021-10-31,South West,950.0,276090.0
2021-11-30,South West,953.0,284105.0
2021-12-31,South West,959.0,285237.0
2022-01-31,South West,964.0,291018.0
2022-02-28,South West,969.0,291034.0
2022-03-31,South West,972.0,291647.0
2022-04-30,South West,975.0,296983.0
2022-05-31,South West,982.0,301875.0
2022-06-30,South West,985.0,299771.0
2022-07-31,South West,988.0,309032.0
2022-08-31,South West,995.0,314238.0
2022-09-30,South West,1002.0,314370.0
2022-10-31,South West,1007.0,313800.0
2022-11-30,South West,1010.0,313892.0
2022-12-31,South West,1016.0,308957.0
2023-01-31,South West,1024.0,309102.0
2023-02-28,South West,1029.0,306826.0
2023-03-31,South West,1036.0,303206.0
2023-04-30,South West,1039.0,302791.0
2023-05-31,South West,1045.0,302199.0
2023-06-30,South West,1052.0,300808.0
2023-07-31,South West,1057.0,306036.0
2023-08-31,South West,1065.0,307132.0
2023-09-30,South West,1072.0,304837.0
2023-10-31,South West,1079.0,305147.0
2023-11-30,South West,1083.0,299952.0
2023-12-31,South West,1088.0,294676.0
2024-01-31,South West,1095.0,299150.0
2024-02-29,South West,1102.0,296587.0
2024-03-31,South West,1108.0,295240.0
2024-04-30,South West,1114.0,297850.0
2024-05-31,South West,1120.0,298492.0
2024-06-30,South West,1127.0,297239.0
2024-07-31,South West,1133.0,301845.0
2024-08-31,South West,1133.0,303164.0
2024-09-30,South West,1140.0,304305.0
2024-10-31,South West,1146.0,306423.0
2024-11-30,South West,1153.0,300240.0
2024-12-31,South West,1161.0,300210.0
2025-01-31,South West,1167.0,301828.0
2025-02-28,South West,1167.0,301560.0
2025-03-31,South West,1168.0,303287.0
2025-04-30,South West,1171.0,292255.0
2025-05-31,South West,1175.0,296607.0
2025-06-30,South West,1181.0,298270.0
2025-07-31,South West,1184.0,302768.0
2025-08-31,South West,1192.0,305285.0
2025-09-30,South West,1200.0,303536.0
2025-10-31,South West,1214.0,302910.0
2025-11-30,South West,1220.0,305978.0
2025-12-31,South West,1221.0,300869.0
2026-01-31,South West,1224.0,299003.0
2026-02-28,South West,1227.0,300394.0
2026-03-31,South West,1227.0,301622.0
2026-04-30,South West,1231.0,302618.0
